"동별(1)",동별(2),동별(3),2021,2021,2021,2021,2021,2021,2021,2021,2021,2021,2021,2021,2021,2021,2021,2021,2021,2021,2021,2021,2021,2021,2021,2021,2021,2021,2021,2021
"동별(1)",동별(2),동별(3),합계,합계,합계,합계,합계,합계,노상,노상,노상,노상,노상,노상,노외,노외,노외,노외,노외,노외,노외,노외,건축물부설,건축물부설,건축물부설,건축물부설,건축물부설,건축물부설,건축물부설,건축물부설
"동별(1)",동별(2),동별(3),소계,소계,공영,공영,민영,민영,소계,소계,시영,시영,구영,구영,소계,소계,시영,시영,구영,구영,민영,민영,소계,소계,일반주택,일반주택,공동주택,공동주택,일반건축물,일반건축물
"동별(1)",동별(2),동별(3),개소 (개소),면수 (면수),개소 (개소),면수 (면수),개소 (개소),면수 (면수),개소 (개소),면수 (면수),개소 (개소),면수 (면수),개소 (개소),면수 (면수),개소 (개소),면수 (면수),개소 (개소),면수 (면수),개소 (개소),면수 (면수),개소 (개소),면수 (면수),개소 (개소),면수 (면수),개소 (개소),면수 (면수),개소 (개소),면수 (면수),개소 (개소),면수 (면수)
"합계",소계,소계,314440,4354516,11934,180488,302506,4174028,10836,107530,64,1698,10772,105832,1956,106862,67,15421,1031,57537,858,33904,301648,4140124,131076,347571,83955,2209613,86617,1582940
"합계",종로구,소계,7187,96350,188,5919,6999,90431,151,2095,10,340,141,1755,107,6119,5,2668,32,1156,70,2295,6929,88136,2876,7278,1530,25584,2523,55274
"합계",종로구,사직동,358,14232,18,1457,340,12775,14,130,-,-,14,130,10,1582,3,1307,1,20,6,255,334,12520,88,404,66,2457,180,9659
"합계",종로구,삼청동,170,1840,16,125,154,1715,14,94,-,-,14,94,5,145,-,-,2,31,3,114,151,1601,56,127,5,48,90,1426
"합계",종로구,부암동,606,3494,9,132,597,3362,8,123,-,-,8,123,2,17,-,-,1,9,1,8,596,3354,323,703,148,1216,125,1435
"합계",종로구,평창동,1624,9505,24,280,1600,9225,21,223,-,-,21,223,3,57,-,-,3,57,-,-,1600,9225,1102,2359,267,4738,231,2128
"합계",종로구,무악동,45,3249,-,-,45,3249,-,-,-,-,-,-,-,-,-,-,-,-,-,-,45,3249,20,316,11,2718,14,215
"합계",종로구,교남동,123,4927,6,102,117,4825,4,60,-,-,4,60,2,42,-,-,2,42,-,-,117,4825,23,65,75,2880,19,1880
"합계",종로구,가회동,291,2914,9,205,282,2709,9,205,-,-,9,205,1,4,-,-,-,-,1,4,281,2705,123,292,93,454,65,1959
"합계",종로구,종로1.2.3.4가동,577,19276,21,1713,556,17563,17,297,7,179,10,118,29,2354,2,1361,2,55,25,938,531,16625,34,275,4,1144,493,15206
"합계",종로구,종로5.6가동,436,5276,8,203,428,5073,8,203,1,83,7,120,8,509,-,-,-,-,8,509,420,4564,78,158,12,243,330,4163
"합계",종로구,이화동,441,9607,16,250,425,9357,13,117,-,-,13,117,8,238,-,-,3,133,5,105,420,9252,98,254,100,644,222,8354
"합계",종로구,창신1동,157,2388,5,170,152,2218,4,84,2,78,2,6,10,214,-,-,1,86,9,128,143,2090,47,114,13,667,83,1309
"합계",종로구,창신2동,229,999,11,205,218,794,9,132,-,-,9,132,3,83,-,-,2,73,1,10,217,784,68,179,89,422,60,183
"합계",종로구,창신3동,54,1722,4,112,50,1610,2,43,-,-,2,43,2,69,-,-,2,69,-,-,50,1610,20,40,13,1435,17,135
"합계",종로구,숭인1동,166,1860,5,69,161,1791,4,40,-,-,4,40,1,29,-,-,1,29,-,-,161,1791,64,137,38,1307,59,347
"합계",종로구,숭인2동,326,3674,7,134,319,3540,5,41,-,-,5,41,9,234,-,-,2,93,7,141,312,3399,49,117,122,1206,141,2076
"합계",종로구,청운효자동,682,4663,15,390,667,4273,11,162,-,-,11,162,4,228,-,-,4,228,-,-,667,4273,269,628,281,1859,117,1786
"합계",종로구,혜화동,902,6724,14,372,888,6352,8,141,-,-,8,141,10,314,-,-,6,231,4,83,884,6269,414,1110,193,2146,277,3013
"합계",중구,소계,4294,108561,169,5387,4125,103174,139,1228,20,384,119,844,72,5995,5,2035,25,2124,42,1836,4083,101338,862,2286,723,28597,2498,70455
"합계",중구,소공동,150,14056,7,99,143,13957,6,53,2,13,4,40,7,206,-,-,1,46,6,160,137,13797,1,2,3,1159,133,12636
"합계",중구,회현동,192,11896,18,211,174,11685,16,142,6,73,10,69,9,399,-,-,2,69,7,330,167,11355,15,60,16,1571,136,9724
"합계",중구,명동,292,14869,10,104,282,14765,8,76,1,3,7,73,8,330,1,13,1,15,6,302,276,14463,36,155,5,682,235,13626
"합계",중구,필동,374,4870,25,248,349,4622,22,143,1,14,21,129,4,119,2,57,1,48,1,14,348,4608,55,178,26,397,267,4033
"합계",중구,장충동,318,5467,13,177,305,5290,12,71,-,-,12,71,2,256,-,-,1,106,1,150,304,5140,66,206,77,651,161,4283
"합계",중구,광희동,276,8616,12,602,264,8014,11,100,3,55,8,45,4,621,-,-,1,502,3,119,261,7895,36,64,15,1138,210,6693
"합계",중구,을지로동,133,4865,9,1122,124,3743,8,249,3,176,5,73,10,1222,1,873,-,-,9,349,115,3394,1,1,2,58,112,3335
"합계",중구,신당5동,267,2975,8,114,259,2861,6,40,-,-,6,40,2,74,-,-,2,74,-,-,259,2861,88,183,45,1475,126,1203
"합계",중구,황학동,347,6584,2,126,345,6458,1,13,-,-,1,13,8,405,-,-,1,113,7,292,338,6166,102,201,29,4006,207,1959
"합계",중구,중림동,122,5365,9,206,113,5159,8,44,-,-,8,44,2,267,-,-,1,162,1,105,112,5054,20,43,34,1819,58,3192
"합계",중구,신당동,406,7755,15,1286,391,6469,13,136,4,50,9,86,3,1165,1,1092,1,58,1,15,390,6454,106,230,41,1289,243,4935
"합계",중구,다산동,668,4795,20,548,648,4247,11,70,-,-,11,70,9,478,-,-,9,478,-,-,648,4247,180,502,241,1752,227,1993
"합계",중구,약수동,264,6309,3,92,261,6217,2,2,-,-,2,2,1,90,-,-,1,90,-,-,261,6217,35,131,98,5268,128,818
"합계",중구,청구동,235,5142,12,203,223,4939,10,69,-,-,10,69,2,134,-,-,2,134,-,-,223,4939,69,182,54,3938,100,819
"합계",중구,동화동,250,4997,6,249,244,4748,5,20,-,-,5,20,1,229,-,-,1,229,-,-,244,4748,52,148,37,3394,155,1206
"합계",용산구,소계,7434,110649,391,6387,7043,104262,353,3474,2,21,351,3453,64,3481,4,849,34,2064,26,568,7017,103694,2726,6242,2119,57834,2172,39618
"합계",용산구,후암동,753,4204,25,263,728,3941,22,188,-,-,22,188,5,112,-,-,3,75,2,37,726,3904,292,576,325,2552,109,776
"합계",용산구,용산2가동,405,1199,24,235,381,964,21,104,-,-,21,104,3,131,1,24,2,107,-,-,381,964,167,197,96,331,118,436
"합계",용산구,남영동,265,5512,18,222,247,5290,17,193,-,-,17,193,7,213,-,-,1,29,6,184,241,5106,57,110,61,414,123,4582
"합계",용산구,원효로2동,273,5281,13,215,260,5066,12,105,-,-,12,105,1,110,-,-,1,110,-,-,260,5066,80,170,78,3455,102,1441
"합계",용산구,효창동,343,3835,26,318,317,3517,25,302,-,-,25,302,1,16,-,-,1,16,-,-,317,3517,101,261,145,2580,71,676
"합계",용산구,용문동,383,4268,8,95,375,4173,6,48,-,-,6,48,3,72,-,-,2,47,1,25,374,4148,151,341,175,3527,48,280
"합계",용산구,이촌1동,74,10739,9,131,65,10608,8,126,-,-,8,126,1,5,-,-,1,5,-,-,65,10608,-,-,34,9859,31,749
"합계",용산구,이촌2동,59,2194,12,209,47,1985,12,209,-,-,12,209,-,-,-,-,-,-,-,-,47,1985,6,13,23,1790,18,182
"합계",용산구,이태원1동,455,3678,19,168,436,3510,19,168,-,-,19,168,5,81,-,-,-,-,5,81,431,3429,208,668,68,812,155,1949
"합계",용산구,이태원2동,691,3624,15,291,676,3333,14,180,-,-,14,180,2,131,-,-,1,111,1,20,675,3313,406,823,169,1796,100,694
"합계",용산구,서빙고동,242,6524,21,482,221,6042,18,349,-,-,18,349,4,141,1,88,2,45,1,8,220,6034,97,181,64,3802,59,2051
"합계",용산구,보광동,406,2552,23,284,383,2268,19,205,-,-,19,205,8,120,-,-,4,79,4,41,379,2227,198,418,95,1122,86,687
"합계",용산구,청파동,922,5992,33,426,889,5566,27,174,-,-,27,174,7,297,-,-,6,252,1,45,888,5521,341,786,281,1816,266,2919
"합계",용산구,원효로1동,434,8518,26,166,408,8352,26,166,1,16,25,150,-,-,-,-,-,-,-,-,408,8352,97,232,127,5360,184,2760
"합계",용산구,한강로동,457,26232,73,2003,384,24229,65,641,-,-,65,641,10,1413,1,561,7,801,2,51,382,24178,38,52,61,10451,283,13675
"합계",용산구,한남동,1272,16297,46,879,1226,15418,42,316,1,5,41,311,7,639,1,176,3,387,3,76,1223,15342,487,1414,317,8167,419,5761
"합계",성동구,소계,6671,134107,267,6857,6404,127250,237,4495,1,31,236,4464,73,3667,1,10,29,2352,43,1305,6361,125945,2936,6551,893,75814,2532,43580
"합계",성동구,왕십리2동,230,5083,6,140,224,4943,5,46,-,-,5,46,2,128,-,-,1,94,1,34,223,4909,103,270,28,3934,92,705
"합계",성동구,마장동,718,8756,38,1015,680,7741,35,824,-,-,35,824,7,448,1,10,2,181,4,257,676,7484,294,653,77,4209,305,2622
"합계",성동구,사근동,488,7382,8,243,480,7139,5,47,-,-,5,47,4,235,-,-,3,196,1,39,479,7100,262,846,77,1904,140,4350
"합계",성동구,행당1동,297,7535,7,80,290,7455,7,80,-,-,7,80,4,202,-,-,-,-,4,202,286,7253,105,240,58,4004,123,3009
"합계",성동구,행당2동,91,9355,2,22,89,9333,2,22,-,-,2,22,-,-,-,-,-,-,-,-,89,9333,46,118,25,9019,18,196
"합계",성동구,응봉동,98,3161,11,373,87,2788,8,135,-,-,8,135,3,238,-,-,3,238,-,-,87,2788,44,85,33,2555,10,148
"합계",성동구,금호1가동,80,5454,6,100,74,5354,4,70,-,-,4,70,2,30,-,-,2,30,-,-,74,5354,14,28,11,4867,49,459
"합계",성동구,금호4가동,137,5432,2,45,135,5387,2,45,-,-,2,45,3,17,-,-,-,-,3,17,132,5370,48,104,29,4777,55,489
"합계",성동구,성수1가1동,592,7596,16,420,576,7176,14,228,-,-,14,228,4,243,-,-,2,192,2,51,574,7125,229,513,89,2809,256,3803
"합계",성동구,성수1가2동,622,9280,23,340,599,8940,21,237,-,-,21,237,4,148,-,-,2,103,2,45,597,8895,398,737,41,5008,158,3150
"합계",성동구,성수2가1동,677,8383,35,743,642,7640,33,540,-,-,33,540,5,254,-,-,2,203,3,51,639,7589,314,685,75,2692,250,4212
"합계",성동구,성수2가3동,729,16306,40,1258,689,15048,39,1066,-,-,39,1066,6,315,-,-,1,192,5,123,684,14925,168,454,53,2962,463,11509
"합계",성동구,송정동,548,3118,12,306,536,2812,10,169,-,-,10,169,4,170,-,-,2,137,2,33,534,2779,400,638,57,1242,77,899
"합계",성동구,용답동,514,6299,25,908,489,5391,21,575,-,-,21,575,13,671,-,-,4,333,9,338,480,5053,242,464,38,376,200,4213
"합계",성동구,왕십리도선동,363,13483,20,414,343,13069,18,141,-,-,18,141,6,347,-,-,2,273,4,74,339,12995,103,333,35,10142,201,2520
"합계",성동구,금호2.3가동,345,6781,9,298,336,6483,7,165,-,-,7,165,4,154,-,-,2,133,2,21,334,6462,127,242,133,5665,74,555
"합계",성동구,옥수동,142,10703,7,152,135,10551,6,105,1,31,5,74,2,67,-,-,1,47,1,20,134,10531,39,141,34,9649,61,741
"합계",광진구,소계,18992,137040,2748,5063,16244,131977,2672,2960,1,19,2671,2941,104,2683,-,-,76,2103,28,580,16216,131397,8887,25149,3979,62597,3350,43651
"합계",광진구,화양동,1330,10275,134,221,1196,10054,128,128,-,-,128,128,7,113,-,-,6,93,1,20,1195,10034,635,1764,170,1693,390,6577
"합계",광진구,군자동,1177,7484,42,166,1135,7318,36,36,-,-,36,36,8,180,-,-,6,130,2,50,1133,7268,648,1999,202,2397,283,2872
"합계",광진구,중곡1동,1244,5481,129,156,1115,5325,126,126,-,-,126,126,6,210,-,-,3,30,3,180,1112,5145,596,1594,211,1715,305,1836
"합계",광진구,중곡2동,1506,6742,94,194,1412,6548,92,170,-,-,92,170,3,33,-,-,2,24,1,9,1411,6539,802,2298,385,2793,224,1448
"합계",광진구,중곡3동,1239,5852,206,475,1033,5377,202,202,-,-,202,202,4,273,-,-,4,273,-,-,1033,5377,604,1456,207,1483,222,2438
"합계",광진구,중곡4동,2236,8709,400,568,1836,8141,392,424,-,-,392,424,9,174,-,-,8,144,1,30,1835,8111,985,2544,515,3758,335,1809
"합계",광진구,능동,1082,7301,210,311,872,6990,207,207,-,-,207,207,4,121,-,-,3,104,1,17,871,6973,647,2417,133,944,91,3612
"합계",광진구,구의1동,1576,7765,103,399,1473,7366,95,95,-,-,95,95,10,373,-,-,8,304,2,69,1471,7297,825,2441,368,2522,278,2334
"합계",광진구,구의2동,1545,9045,200,373,1345,8672,191,191,-,-,191,191,9,182,-,-,9,182,-,-,1345,8672,674,1954,508,5329,163,1389
"합계",광진구,구의3동,898,14977,145,431,753,14546,142,227,1,19,141,208,4,223,-,-,3,204,1,19,752,14527,310,1006,256,8781,186,4740
"합계",광진구,광장동,555,16543,210,259,345,16284,205,205,-,-,205,205,5,54,-,-,5,54,-,-,345,16284,100,263,102,10177,143,5844
"합계",광진구,자양1동,1372,7170,62,133,1310,7037,57,57,-,-,57,57,9,140,-,-,5,76,4,64,1306,6973,726,1802,328,3232,252,1939
"합계",광진구,자양2동,1519,9853,348,644,1171,9209,342,342,-,-,342,342,16,393,-,-,6,302,10,91,1161,9118,631,1822,371,5290,159,2006
"합계",광진구,자양3동,672,14288,275,400,397,13888,271,364,-,-,271,364,5,46,-,-,4,36,1,10,396,13878,246,703,109,10238,41,2937
"합계",광진구,자양4동,1041,5555,190,333,851,5222,186,186,-,-,186,186,5,168,-,-,4,147,1,21,850,5201,458,1086,114,2245,278,1870
"합계",동대문구,소계,10132,148063,610,6191,9522,141872,577,3920,2,128,575,3792,52,3130,3,233,30,2038,19,859,9503,141013,4130,9487,1730,81460,3643,50066
"합계",동대문구,회기동,592,6106,15,248,577,5858,14,148,-,-,14,148,2,120,-,-,1,100,1,20,576,5838,302,646,70,1352,204,3840
"합계",동대문구,휘경1동,457,6353,14,153,443,6200,13,119,-,-,13,119,1,34,-,-,1,34,-,-,443,6200,246,572,63,3977,134,1651
"합계",동대문구,휘경2동,834,11334,6,376,828,10958,2,4,-,-,2,4,4,372,-,-,4,372,-,-,828,10958,549,1111,152,5772,127,4075
"합계",동대문구,청량리동,463,8925,55,426,408,8499,52,331,-,-,52,331,3,95,-,-,3,95,-,-,408,8499,161,318,81,4840,166,3341
"합계",동대문구,용신동,1409,17042,99,912,1310,16130,95,668,2,128,93,540,10,496,1,79,3,165,6,252,1304,15878,477,1136,179,5623,648,9119
"합계",동대문구,제기동,968,9502,61,1051,907,8451,59,712,-,-,59,712,7,687,-,-,2,339,5,348,902,8103,356,891,169,4702,377,2510
"합계",동대문구,전농1동,901,11351,101,641,800,10710,99,548,-,-,99,548,4,139,-,-,2,93,2,46,798,10664,364,703,171,5526,263,4435
"합계",동대문구,전농2동,232,7280,9,50,223,7230,9,50,-,-,9,50,-,-,-,-,-,-,-,-,223,7230,91,173,52,5340,80,1717
"합계",동대문구,답십리2동,449,9120,23,320,426,8800,21,174,-,-,21,174,3,168,-,-,2,146,1,22,425,8778,192,396,62,6641,171,1741
"합계",동대문구,장안1동,1325,19212,86,612,1239,18600,79,341,-,-,79,341,9,380,1,74,6,197,2,109,1237,18491,349,1032,313,10764,575,6695
"합계",동대문구,장안2동,1016,14695,58,517,958,14178,54,263,-,-,54,263,5,308,1,80,3,174,1,54,957,14124,349,1112,216,8824,392,4188
"합계",동대문구,이문1동,730,6964,24,142,706,6822,24,142,-,-,24,142,-,-,-,-,-,-,-,-,706,6822,376,840,99,3474,231,2508
"합계",동대문구,이문2동,293,6603,32,365,261,6238,30,235,-,-,30,235,3,138,-,-,2,130,1,8,260,6230,156,223,39,4970,65,1037
"합계",동대문구,답십리1동,463,13576,27,378,436,13198,26,185,-,-,26,185,1,193,-,-,1,193,-,-,436,13198,162,334,64,9655,210,3209
"합계",중랑구,소계,12454,133919,570,10661,11884,123258,529,6235,-,-,529,6235,77,5823,3,983,38,3443,36,1397,11848,121861,5998,15371,3095,74057,2755,32433
"합계",중랑구,면목2동,1019,7780,31,641,988,7139,29,365,-,-,29,365,2,276,-,-,2,276,-,-,988,7139,549,1281,208,3973,231,1885
"합계",중랑구,면목4동,556,5586,35,567,521,5019,31,249,-,-,31,249,4,318,-,-,4,318,-,-,521,5019,260,628,142,3477,119,914
"합계",중랑구,면목5동,481,4763,28,1471,453,3292,24,256,-,-,24,256,5,1219,1,567,3,648,1,4,452,3288,218,468,146,1315,88,1505
"합계",중랑구,면목7동,718,6729,33,327,685,6402,31,221,-,-,31,221,4,258,-,-,2,106,2,152,683,6250,333,952,190,3995,160,1303
"합계",중랑구,상봉1동,549,12135,16,176,533,11959,16,176,-,-,16,176,1,15,-,-,-,-,1,15,532,11944,266,716,149,9468,117,1760
"합계",중랑구,상봉2동,913,9438,34,486,879,8952,34,362,-,-,34,362,5,259,-,-,-,124,5,135,874,8817,320,868,211,2959,343,4990
"합계",중랑구,중화1동,667,4704,33,394,634,4310,31,264,-,-,31,264,2,130,-,-,2,130,-,-,634,4310,320,947,217,2492,97,871
"합계",중랑구,중화2동,919,7629,40,1463,879,6166,38,873,-,-,38,873,7,885,-,-,2,590,5,295,874,5871,495,1244,208,2632,171,1995
"합계",중랑구,묵1동,1114,13452,44,821,1070,12631,41,493,-,-,41,493,3,328,1,328,2,-,-,-,1070,12631,526,1579,368,9080,176,1972
"합계",중랑구,묵2동,882,6348,24,685,858,5663,23,685,-,-,23,685,1,-,-,-,1,-,-,-,858,5663,471,1135,197,3313,190,1215
"합계",중랑구,망우3동,850,4341,50,554,800,3787,45,310,-,-,45,310,8,343,-,-,5,244,3,99,797,3688,470,1200,199,1476,128,1012
"합계",중랑구,신내1동,498,15832,20,311,478,15521,19,311,-,-,19,311,4,107,-,-,1,-,3,107,475,15414,198,520,88,11715,189,3179
"합계",중랑구,신내2동,134,8220,7,296,127,7924,4,51,-,-,4,51,4,261,1,88,2,157,1,16,126,7908,88,130,10,6293,28,1485
"합계",중랑구,면목본동,1191,7704,63,747,1128,6957,59,542,-,-,59,542,9,290,-,-,4,205,5,85,1123,6872,533,1436,391,3806,199,1630
"합계",중랑구,면목3.8동,853,6586,49,609,804,5977,47,425,-,-,47,425,4,255,-,-,2,184,2,71,802,5906,446,1044,181,3184,175,1678
"합계",중랑구,망우본동,1110,12672,63,1113,1047,11559,57,652,-,-,57,652,14,879,-,-,6,461,8,418,1039,11141,505,1223,190,4879,344,5039
"합계",성북구,소계,13190,155093,226,6862,12964,148231,125,4732,1,26,124,4706,169,4359,1,21,100,2109,68,2229,12896,146002,6136,15178,3217,94328,3543,36496
"합계",성북구,돈암1동,92,6478,2,18,90,6460,2,18,-,-,2,18,-,-,-,-,-,-,-,-,90,6460,26,105,34,6015,30,340
"합계",성북구,돈암2동,81,8842,1,100,80,8742,-,-,-,-,-,-,3,278,-,-,1,100,2,178,78,8564,27,110,40,8301,11,153
"합계",성북구,안암동,871,9092,9,364,862,8728,8,357,-,-,8,357,2,58,-,-,1,7,1,51,861,8677,373,1021,114,1679,374,5977
"합계",성북구,보문동,611,5591,8,303,603,5288,5,277,-,-,5,277,6,168,-,-,3,26,3,142,600,5146,271,727,103,2896,226,1523
"합계",성북구,정릉1동,223,6658,7,186,216,6472,5,178,-,-,5,178,3,16,-,-,2,8,1,8,215,6464,66,128,80,6011,69,325
"합계",성북구,정릉2동,661,7362,9,265,652,7097,5,224,-,-,5,224,6,71,-,-,4,41,2,30,650,7067,202,887,347,5418,101,762
"합계",성북구,정릉3동,743,6426,16,351,727,6075,7,190,-,-,7,190,17,328,-,-,9,161,8,167,719,5908,373,1382,200,2096,146,2430
"합계",성북구,정릉4동,729,9638,8,229,721,9409,5,153,-,-,5,153,7,136,-,-,3,76,4,60,717,9349,256,591,298,7309,163,1449
"합계",성북구,길음1동,107,11052,3,20,104,11032,2,14,-,-,2,14,2,35,-,-,1,6,1,29,103,11003,33,60,24,10206,46,737
"합계",성북구,길음2동,264,6883,4,200,260,6683,2,41,-,-,2,41,7,838,-,-,2,159,5,679,255,6004,117,224,51,4177,87,1603
"합계",성북구,월곡1동,492,9788,16,377,476,9411,8,215,-,-,8,215,9,167,-,-,8,162,1,5,475,9406,211,404,88,7511,176,1491
"합계",성북구,월곡2동,746,7027,16,396,730,6631,11,252,-,-,11,252,10,299,-,-,5,144,5,155,725,6476,405,729,85,2508,235,3239
"합계",성북구,장위1동,932,5733,15,474,917,5259,3,284,-,-,3,284,14,231,-,-,12,190,2,41,915,5218,418,855,397,3314,100,1049
"합계",성북구,장위2동,768,4645,14,268,754,4377,7,127,-,-,7,127,11,219,-,-,7,141,4,78,750,4299,364,607,194,2739,192,953
"합계",성북구,장위3동,283,2433,7,301,276,2132,3,156,-,-,3,156,6,283,-,-,4,145,2,138,274,1994,132,259,63,926,79,809
"합계",성북구,성북동,1305,7425,24,594,1281,6831,16,459,1,26,15,433,13,203,-,-,8,135,5,68,1276,6763,776,2421,239,2288,261,2054
"합계",성북구,삼선동,947,8223,19,879,928,7344,9,472,-,-,9,472,17,521,-,-,10,407,7,114,921,7230,471,1100,165,3753,285,2377
"합계",성북구,동선동,940,7288,13,463,927,6825,8,420,-,-,8,420,10,111,-,-,5,43,5,68,922,6757,365,1011,168,2115,389,3631
"합계",성북구,종암동,1157,13690,18,532,1139,13158,9,420,-,-,9,420,13,173,1,21,8,91,4,61,1135,13097,542,1241,269,9620,324,2236
"합계",성북구,석관동,1238,10819,17,542,1221,10277,10,475,-,-,10,475,13,224,-,-,7,67,6,157,1215,10120,708,1316,258,5446,249,3358
"합계",강북구,소계,11231,93845,49,5146,11182,88699,23,3080,1,16,22,3064,48,2580,-,-,26,2066,22,514,11160,88185,5567,11491,3499,56993,2094,19701
"합계",강북구,번1동,1061,6454,2,438,1059,6016,1,253,-,-,1,253,3,244,-,-,1,185,2,59,1057,5957,660,1156,178,2305,219,2496
"합계",강북구,번2동,495,4289,3,369,492,3920,1,162,-,-,1,162,2,207,-,-,2,207,-,-,492,3920,294,754,128,2257,70,909
"합계",강북구,번3동,127,4823,1,4,126,4819,1,4,-,-,1,4,1,1,-,-,-,-,1,1,125,4818,16,48,46,3840,63,930
"합계",강북구,수유1동,986,5667,6,486,980,5181,2,180,-,-,2,180,5,340,-,-,4,306,1,34,979,5147,412,812,389,2982,178,1353
"합계",강북구,수유2동,809,7040,3,392,806,6648,2,330,-,-,2,330,1,62,-,-,1,62,-,-,806,6648,311,728,327,5053,168,867
"합계",강북구,수유3동,1312,7223,4,369,1308,6854,3,332,-,-,3,332,5,89,-,-,1,37,4,52,1304,6802,680,1376,349,3188,275,2238
"합계",강북구,삼양동,673,6749,7,421,666,6328,1,82,-,-,1,82,6,339,-,-,6,339,-,-,666,6328,244,491,308,4961,114,876
"합계",강북구,미아동,951,7270,3,478,948,6792,2,323,1,16,1,307,1,155,-,-,1,155,-,-,948,6792,515,1017,256,2730,177,3045
"합계",강북구,송중동,1089,9390,6,484,1083,8906,2,304,-,-,2,304,7,256,-,-,4,180,3,76,1080,8830,662,1340,199,4978,219,2512
"합계",강북구,송천동,967,6387,5,553,962,5834,3,391,-,-,3,391,8,274,-,-,2,162,6,112,956,5722,525,949,221,2995,210,1778
"합계",강북구,삼각산동,46,12860,1,28,45,12832,1,28,-,-,1,28,2,36,-,-,-,-,2,36,43,12796,10,18,7,12443,26,335
"합계",강북구,우이동,1111,6489,4,542,1107,5947,2,302,-,-,2,302,5,384,-,-,2,240,3,144,1104,5803,492,1100,456,3964,156,739
"합계",강북구,인수동,1604,9204,4,582,1600,8622,2,389,-,-,2,389,2,193,-,-,2,193,-,-,1600,8622,746,1702,635,5297,219,1623
"합계",도봉구,소계,9720,111916,475,5468,9245,106448,421,2983,-,-,421,2983,73,3000,3,594,51,1891,19,515,9226,105933,4206,8439,3070,72750,1950,24744
"합계",도봉구,쌍문1동,881,7633,42,486,839,7147,38,425,-,-,38,425,4,61,-,-,4,61,-,-,839,7147,342,775,379,4736,118,1636
"합계",도봉구,쌍문2동,773,6100,51,343,722,5757,46,208,-,-,46,208,6,179,-,-,5,135,1,44,721,5713,276,560,293,3817,152,1336
"합계",도봉구,쌍문3동,823,5390,29,201,794,5189,26,146,-,-,26,146,5,96,-,-,3,55,2,41,792,5148,401,684,248,3303,143,1161
"합계",도봉구,쌍문4동,165,4680,21,175,144,4505,19,146,-,-,19,146,3,49,-,-,2,29,1,20,143,4485,42,86,77,3960,24,439
"합계",도봉구,방학1동,1199,13955,68,435,1131,13520,66,408,-,-,66,408,2,27,-,-,2,27,-,-,1131,13520,554,1086,269,7775,308,4659
"합계",도봉구,방학2동,1282,5696,59,477,1223,5219,52,236,-,-,52,236,8,248,-,-,7,241,1,7,1222,5212,690,1392,387,3113,145,707
"합계",도봉구,방학3동,147,6864,7,105,140,6759,5,79,-,-,5,79,4,58,-,-,2,26,2,32,138,6727,20,58,49,5958,69,711
"합계",도봉구,창1동,396,6763,17,200,379,6563,15,87,-,-,15,87,2,113,-,-,2,113,-,-,379,6563,174,316,117,5139,88,1108
"합계",도봉구,창2동,1050,10221,36,352,1014,9869,32,221,-,-,32,221,5,145,-,-,4,131,1,14,1013,9855,301,649,477,6660,235,2546
"합계",도봉구,창3동,809,3704,24,343,785,3361,22,248,-,-,22,248,4,113,-,-,2,95,2,18,783,3343,487,784,173,2021,123,538
"합계",도봉구,창4동,103,11137,11,338,92,10799,10,122,-,-,10,122,1,216,-,-,1,216,-,-,92,10799,2,10,18,7900,72,2889
"합계",도봉구,창5동,450,11087,19,225,431,10862,17,109,-,-,17,109,3,137,1,107,1,9,1,21,430,10841,101,234,143,7823,186,2784
"합계",도봉구,도봉1동,1283,7923,73,1173,1210,6750,65,433,-,-,65,433,15,852,2,487,6,253,7,112,1203,6638,616,1386,388,3620,199,1632
"합계",도봉구,도봉2동,359,10763,18,615,341,10148,8,115,-,-,8,115,11,706,-,-,10,500,1,206,340,9942,200,419,52,6925,88,2598
"합계",노원구,소계,6807,183901,194,4093,6613,179808,144,2129,1,23,143,2106,67,2547,3,263,47,1701,17,583,6596,179225,2544,11163,1718,122466,2334,45596
"합계",노원구,월계1동,623,9416,14,336,609,9080,11,201,-,-,11,201,6,325,2,106,1,29,3,190,606,8890,240,494,210,5842,156,2554
"합계",노원구,월계2동,285,9993,1,10,284,9983,1,10,-,-,1,10,1,80,-,-,-,-,1,80,283,9903,127,1843,47,5785,109,2275
"합계",노원구,월계3동,26,9177,2,34,24,9143,1,4,-,-,1,4,1,30,-,-,1,30,-,-,24,9143,2,4,10,7783,12,1356
"합계",노원구,공릉2동,758,21713,16,163,742,21550,14,128,-,-,14,128,2,35,-,-,2,35,-,-,742,21550,395,914,156,12549,191,8087
"합계",노원구,하계1동,333,11657,18,463,315,11194,9,122,-,-,9,122,9,341,-,-,9,341,-,-,315,11194,95,1136,83,6857,137,3201
"합계",노원구,하계2동,13,5055,-,-,13,5055,-,-,-,-,-,-,-,-,-,-,-,-,-,-,13,5055,1,27,6,4833,6,195
"합계",노원구,중계본동,324,9342,9,147,315,9195,7,134,-,-,7,134,3,20,-,-,2,13,1,7,314,9188,49,162,131,6728,134,2298
"합계",노원구,중계1동,69,10701,5,166,64,10535,2,73,-,-,2,73,3,93,-,-,3,93,-,-,64,10535,3,120,14,7717,47,2698
"합계",노원구,중계4동,133,6220,4,67,129,6153,2,17,-,-,2,17,3,64,-,-,2,50,1,14,128,6139,21,45,33,5103,74,991
"합계",노원구,상계1동,754,13808,17,533,737,13275,12,328,-,-,12,328,12,436,1,157,4,48,7,231,730,13044,239,704,198,9228,293,3112
"합계",노원구,상계2동,692,9622,14,311,678,9311,10,177,-,-,10,177,5,161,-,-,4,134,1,27,677,9284,284,541,128,5209,265,3534
"합계",노원구,상계5동,394,2728,17,252,377,2476,12,157,-,-,12,157,5,95,-,-,5,95,-,-,377,2476,161,530,96,1426,120,520
"합계",노원구,상계8동,28,4379,2,26,26,4353,2,26,-,-,2,26,-,-,-,-,-,-,-,-,26,4353,3,273,3,3640,20,440
"합계",노원구,상계9동,221,7052,4,44,217,7008,2,22,-,-,2,22,2,22,-,-,2,22,-,-,217,7008,106,555,71,4740,40,1713
"합계",노원구,상계10동,27,7150,2,30,25,7120,2,30,-,-,2,30,-,-,-,-,-,-,-,-,25,7120,3,645,5,5950,17,525
"합계",노원구,상계3.4동,603,10032,13,273,590,9759,9,94,1,23,8,71,5,195,-,-,4,179,1,16,589,9743,294,1619,143,6636,152,1488
"합계",노원구,상계6.7동,160,12468,12,566,148,11902,9,231,-,-,9,231,3,335,-,-,3,335,-,-,148,11902,5,190,11,7652,132,4060
"합계",노원구,중계2.3동,32,9386,2,251,30,9135,-,-,-,-,-,-,2,251,-,-,2,251,-,-,30,9135,2,52,7,5711,21,3372
"합계",노원구,공릉1동,1332,14002,42,421,1290,13581,39,375,-,-,39,375,5,64,-,-,3,46,2,18,1288,13563,514,1309,366,9077,408,3177
"합계",은평구,소계,19032,166662,139,5165,18893,161497,111,2956,1,14,110,2942,57,2942,1,399,27,1810,29,733,18864,160764,8231,18324,7676,108659,2957,33781
"합계",은평구,녹번동,1549,15097,8,317,1541,14780,6,170,-,-,6,170,3,167,-,-,2,147,1,20,1540,14760,640,3221,630,7309,270,4230
"합계",은평구,불광1동,971,11733,10,298,961,11435,7,232,-,-,7,232,4,75,-,-,3,66,1,9,960,11426,434,810,386,8331,140,2285
"합계",은평구,갈현1동,1691,7253,7,212,1684,7041,6,151,-,-,6,151,2,95,-,-,1,61,1,34,1683,7007,921,1592,519,3880,243,1535
"합계",은평구,갈현2동,1645,9873,10,318,1635,9555,9,282,-,-,9,282,2,49,-,-,1,36,1,13,1634,9542,681,1272,691,6436,262,1834
"합계",은평구,구산동,1475,11744,11,350,1464,11394,9,263,-,-,9,263,3,123,-,-,2,87,1,36,1463,11358,563,1287,735,8185,165,1886
"합계",은평구,대조동,1685,9793,7,129,1678,9664,7,129,-,-,7,129,5,163,-,-,-,-,5,163,1673,9501,678,1374,700,5178,295,2949
"합계",은평구,응암1동,899,8520,8,203,891,8317,7,175,-,-,7,175,2,59,-,-,1,28,1,31,890,8286,297,651,399,5063,194,2572
"합계",은평구,응암2동,352,8060,9,122,343,7938,8,101,-,-,8,101,1,21,-,-,1,21,-,-,343,7938,135,262,135,7045,73,631
"합계",은평구,신사1동,1137,8968,7,243,1130,8725,5,120,-,-,5,120,4,154,-,-,2,123,2,31,1128,8694,374,805,598,6902,156,987
"합계",은평구,신사2동,825,5289,6,303,819,4986,3,81,-,-,3,81,3,222,-,-,3,222,-,-,819,4986,443,795,276,3522,100,669
"합계",은평구,증산동,691,5287,10,332,681,4955,9,293,-,-,9,293,3,50,-,-,1,39,2,11,679,4944,359,636,214,3238,106,1070
"합계",은평구,수색동,183,3863,5,164,178,3699,4,53,-,-,4,53,4,239,-,-,1,111,3,128,175,3571,63,112,60,2582,52,877
"합계",은평구,진관동,253,29710,2,562,251,29148,-,-,-,-,-,-,3,584,1,399,1,163,1,22,250,29126,52,97,43,21745,155,7284
"합계",은평구,불광2동,2088,9415,10,500,2078,8915,6,130,-,-,6,130,7,425,-,-,4,370,3,55,2075,8860,1210,2334,699,5367,166,1159
"합계",은평구,응암3동,1208,7969,13,577,1195,7392,11,337,-,-,11,337,7,378,-,-,2,240,5,138,1190,7254,492,1097,432,4199,266,1958
"합계",은평구,역촌동,2380,14088,16,535,2364,13553,14,439,1,14,13,425,4,138,-,-,2,96,2,42,2362,13511,889,1979,1159,9677,314,1855
"합계",서대문구,소계,11519,125844,678,6051,10841,119793,577,4135,1,7,576,4128,120,2324,1,27,100,1889,19,408,10822,119385,5086,11998,3042,59734,2694,47653
"합계",서대문구,천연동,247,6000,13,112,234,5888,11,102,-,-,11,102,3,24,-,-,2,10,1,14,233,5874,128,515,49,4857,56,502
"합계",서대문구,홍제1동,703,7986,59,507,644,7479,49,340,-,-,49,340,12,259,-,-,10,167,2,92,642,7387,242,467,256,4904,144,2016
"합계",서대문구,홍제3동,516,4316,33,338,483,3978,25,255,-,-,25,255,8,83,-,-,8,83,-,-,483,3978,229,337,123,2680,131,961
"합계",서대문구,홍제2동,211,4523,10,76,201,4447,7,45,-,-,7,45,4,44,-,-,3,31,1,13,200,4434,85,231,54,3874,61,329
"합계",서대문구,홍은1동,362,4649,44,530,318,4119,28,247,-,-,28,247,18,333,-,-,16,283,2,50,316,4069,148,267,88,3421,80,381
"합계",서대문구,홍은2동,1413,10124,47,459,1366,9665,36,223,-,-,36,223,11,236,-,-,11,236,-,-,1366,9665,606,1175,549,5357,211,3133
"합계",서대문구,남가좌1동,75,7743,7,78,68,7665,6,46,-,-,6,46,2,58,-,-,1,32,1,26,67,7639,10,13,14,6826,43,800
"합계",서대문구,남가좌2동,885,9055,40,439,845,8616,35,260,-,-,35,260,5,179,-,-,5,179,-,-,845,8616,439,872,183,4603,223,3141
"합계",서대문구,북가좌1동,353,7814,25,254,328,7560,24,252,-,-,24,252,1,2,-,-,1,2,-,-,328,7560,146,325,114,1667,68,5568
"합계",서대문구,북가좌2동,1750,9940,111,546,1639,9394,104,481,1,7,103,474,7,65,-,-,7,65,-,-,1639,9394,701,1578,727,6511,211,1305
"합계",서대문구,충현동,876,10924,48,491,828,10433,41,303,-,-,41,303,10,239,1,27,6,161,3,51,825,10382,350,745,161,2756,314,6881
"합계",서대문구,북아현동,270,8117,15,253,255,7864,11,86,-,-,11,86,6,190,-,-,4,167,2,23,253,7841,147,1121,39,4306,67,2414
"합계",서대문구,신촌동,1302,19554,44,362,1258,19192,36,236,-,-,36,236,13,239,-,-,8,126,5,113,1253,19079,458,1765,175,1467,620,15847
"합계",서대문구,연희동,2556,15099,182,1606,2374,13493,164,1259,-,-,164,1259,20,373,-,-,18,347,2,26,2372,13467,1397,2587,510,6505,465,4375
"합계",마포구,소계,13297,182861,51,6941,13246,175920,29,4332,-,-,29,4332,56,4071,2,525,20,2084,34,1462,13212,174458,4854,13344,3697,85747,4661,75367
"합계",마포구,용강동,1114,7080,8,753,1106,6327,4,334,-,-,4,334,4,419,-,-,4,419,-,-,1106,6327,419,1470,438,3189,249,1668
"합계",마포구,대흥동,780,5608,4,362,776,5246,1,259,-,-,1,259,3,103,1,20,2,83,-,-,776,5246,272,735,325,3393,179,1118
"합계",마포구,염리동,414,30949,2,288,412,30661,1,74,-,-,1,74,2,310,-,-,1,214,1,96,411,30565,191,590,58,9857,162,20118
"합계",마포구,신수동,875,12180,1,167,874,12013,1,167,-,-,1,167,1,13,-,-,-,-,1,13,873,12000,342,925,242,8012,289,3063
"합계",마포구,서교동,1204,6758,2,546,1202,6212,1,353,-,-,1,353,2,220,-,-,1,193,1,27,1201,6185,446,1131,478,3262,277,1792
"합계",마포구,합정동,741,13719,2,417,739,13302,1,358,-,-,1,358,1,59,-,-,1,59,-,-,739,13302,287,734,250,5961,202,6607
"합계",마포구,망원1동,615,7944,2,265,613,7679,1,167,-,-,1,167,1,98,-,-,1,98,-,-,613,7679,262,619,157,5207,194,1853
"합계",마포구,망원2동,151,14212,1,46,150,14166,1,46,-,-,1,46,3,89,-,-,-,-,3,89,147,14077,41,77,34,9943,72,4057
"합계",마포구,연남동,1253,6938,2,465,1251,6473,2,465,-,-,2,465,-,-,-,-,-,-,-,-,1251,6473,589,1740,351,3176,311,1557
"합계",마포구,성산1동,262,4854,4,442,258,4412,1,78,-,-,1,78,5,394,-,-,3,364,2,30,256,4382,107,166,90,3378,59,838
"합계",마포구,성산2동,330,11061,3,705,327,10356,2,200,-,-,2,200,3,709,1,505,-,-,2,204,325,10152,74,237,85,5270,166,4645
"합계",마포구,상암동,1233,10454,4,663,1229,9791,3,533,-,-,3,533,4,209,-,-,1,130,3,79,1226,9712,403,1061,444,5498,379,3153
"합계",마포구,도화동,301,9755,2,170,299,9585,1,107,-,-,1,107,4,391,-,-,1,63,3,328,296,9257,128,306,65,6521,103,2430
"합계",마포구,서강동,2818,22502,8,882,2810,21620,7,858,-,-,7,858,12,433,-,-,1,24,11,409,2799,21211,798,2516,432,4143,1569,14552
"합계",마포구,공덕동,776,13677,3,429,773,13248,1,292,-,-,1,292,5,198,-,-,2,137,3,61,770,13187,353,753,183,7304,234,5130
"합계",마포구,아현동,430,5170,3,341,427,4829,1,41,-,-,1,41,6,426,-,-,2,300,4,126,423,4703,142,284,65,1633,216,2786
"합계",양천구,소계,11677,168382,491,7149,11186,161233,449,2820,-,-,449,2820,51,4918,4,236,38,4093,9,589,11177,160644,4093,11426,4430,104213,2654,45005
"합계",양천구,목1동,260,22985,14,1647,246,21338,10,119,-,-,10,119,4,1528,-,-,4,1528,-,-,246,21338,51,92,47,9016,148,12230
"합계",양천구,목2동,1339,11094,31,322,1308,10772,28,140,-,-,28,140,4,205,-,-,3,182,1,23,1307,10749,380,959,755,7954,172,1836
"합계",양천구,목3동,955,8174,8,151,947,8023,6,45,-,-,6,45,3,124,-,-,2,106,1,18,946,8005,356,983,430,5552,160,1470
"합계",양천구,목4동,1119,10266,28,153,1091,10113,27,129,-,-,27,129,2,49,-,-,1,24,1,25,1090,10088,452,1017,446,7641,192,1430
"합계",양천구,신월1동,1338,6932,82,722,1256,6210,79,478,-,-,79,478,3,244,-,-,3,244,-,-,1256,6210,724,1395,308,3400,224,1415
"합계",양천구,신월2동,678,8427,58,303,620,8124,57,258,-,-,57,258,1,45,-,-,1,45,-,-,620,8124,166,493,289,6059,165,1572
"합계",양천구,신월3동,629,4554,27,448,602,4106,25,136,-,-,25,136,3,477,-,-,2,312,1,165,601,3941,290,528,180,1910,131,1503
"합계",양천구,신월4동,508,7186,27,164,481,7022,26,111,-,-,26,111,2,95,1,53,-,-,1,42,480,6980,140,431,230,5163,110,1386
"합계",양천구,신월5동,663,5945,40,602,623,5343,39,226,-,-,39,226,2,629,-,-,1,376,1,253,622,5090,272,660,218,3039,132,1391
"합계",양천구,신월6동,152,2107,13,64,139,2043,11,46,-,-,11,46,3,53,-,-,2,18,1,35,138,2008,17,37,64,1175,57,796
"합계",양천구,신월7동,721,6439,5,323,716,6116,-,-,-,-,-,-,5,323,-,-,5,323,-,-,716,6116,54,165,482,3961,180,1990
"합계",양천구,신정1동,223,6564,5,238,218,6326,2,167,-,-,2,167,3,71,-,-,3,71,-,-,218,6326,80,1511,33,3230,105,1585
"합계",양천구,신정2동,300,9420,24,487,276,8933,23,193,-,-,23,193,1,294,-,-,1,294,-,-,276,8933,69,171,61,7278,146,1484
"합계",양천구,신정3동,577,17757,26,266,551,17491,25,164,-,-,25,164,1,102,-,-,1,102,-,-,551,17491,253,486,169,13639,129,3366
"합계",양천구,신정6동,40,6225,5,250,35,5975,3,125,-,-,3,125,2,125,-,-,2,125,-,-,35,5975,-,-,4,3614,31,2361
"합계",양천구,신정7동,129,9367,4,196,125,9171,1,17,-,-,1,17,3,179,-,-,3,179,-,-,125,9171,30,562,26,6829,69,1780
"합계",양천구,목5동,67,12150,7,294,60,11856,3,59,-,-,3,59,4,235,2,104,2,131,-,-,60,11856,-,-,13,8564,47,3292
"합계",양천구,신정4동,1979,12790,87,519,1892,12271,84,407,-,-,84,407,5,140,1,79,2,33,2,28,1890,12243,759,1936,675,6189,456,4118
"합계",강서구,소계,18908,288042,662,8905,18246,279137,630,4446,1,59,629,4387,56,5541,10,1341,22,3118,24,1082,18222,278055,7081,17021,7028,147564,4113,113470
"합계",강서구,염창동,432,17563,15,83,417,17480,15,83,-,-,15,83,-,-,-,-,-,-,-,-,417,17480,41,90,152,12469,224,4921
"합계",강서구,등촌1동,514,11994,14,199,500,11795,14,199,-,-,14,199,-,-,-,-,-,-,-,-,500,11795,108,273,153,4245,239,7277
"합계",강서구,등촌2동,867,9323,35,264,832,9059,34,174,-,-,34,174,1,90,-,-,1,90,-,-,832,9059,371,843,347,6571,114,1645
"합계",강서구,등촌3동,242,15629,12,154,230,15475,12,154,-,-,12,154,3,176,-,-,-,-,3,176,227,15299,8,44,36,7164,183,8091
"합계",강서구,화곡본동,1632,9717,37,548,1595,9169,34,120,-,-,34,120,4,443,-,-,3,428,1,15,1594,9154,499,1035,881,6176,214,1943
"합계",강서구,화곡2동,1055,5822,45,358,1010,5464,44,299,-,-,44,299,1,59,-,-,1,59,-,-,1010,5464,415,836,463,3589,132,1039
"합계",강서구,화곡3동,1096,10771,40,275,1056,10496,39,176,-,-,39,176,2,129,-,-,1,99,1,30,1055,10466,457,845,432,8050,166,1571
"합계",강서구,화곡4동,1416,7881,55,451,1361,7430,54,313,-,-,54,313,2,156,-,-,1,138,1,18,1360,7412,638,1287,508,4674,214,1451
"합계",강서구,화곡6동,1313,13082,55,705,1258,12377,53,375,-,-,53,375,4,382,-,-,2,330,2,52,1256,12325,476,1091,466,7025,314,4209
"합계",강서구,화곡8동,1379,9203,37,642,1342,8561,34,231,-,-,34,231,5,454,-,-,3,411,2,43,1340,8518,452,2065,766,5653,122,800
"합계",강서구,가양1동,431,35065,15,755,416,34310,12,115,-,-,12,115,4,1056,1,38,2,602,1,416,415,33894,49,142,76,6844,290,26908
"합계",강서구,가양2동,51,7491,8,208,43,7283,7,129,-,-,7,129,1,79,1,79,-,-,-,-,43,7283,-,-,9,5273,34,2010
"합계",강서구,가양3동,42,5546,3,131,39,5415,2,75,-,-,2,75,1,56,1,56,-,-,-,-,39,5415,-,-,10,2995,29,2420
"합계",강서구,발산1동,753,26315,36,376,717,25939,35,176,-,-,35,176,2,204,-,-,1,200,1,4,716,25935,202,551,284,12302,230,13082
"합계",강서구,공항동,1486,23771,55,396,1431,23375,54,385,-,-,54,385,4,70,1,11,-,-,3,59,1428,23316,869,2355,304,5401,255,15560
"합계",강서구,방화1동,1042,18703,36,461,1006,18242,35,262,1,59,34,203,5,384,1,199,-,-,4,185,1002,18057,429,1138,278,12684,295,4235
"합계",강서구,방화2동,1152,14165,40,1060,1112,13105,37,237,-,-,37,237,7,896,3,823,-,-,4,73,1108,13032,632,1266,215,3699,261,8067
"합계",강서구,방화3동,256,8210,17,306,239,7904,15,171,-,-,15,171,2,135,2,135,-,-,-,-,239,7904,93,265,76,6026,70,1613
"합계",강서구,화곡1동,2622,17737,65,1230,2557,16507,61,537,-,-,61,537,4,693,-,-,4,693,-,-,2557,16507,905,1813,1149,11088,503,3606
"합계",강서구,우장산동,1127,20054,42,303,1085,19751,39,235,-,-,39,235,4,79,-,-,3,68,1,11,1084,19740,437,1082,423,15636,224,3022
"합계",구로구,소계,10681,190319,333,5259,10348,185060,300,2842,5,151,295,2691,64,3250,3,514,30,1903,31,833,10317,184227,5129,13738,2680,96539,2508,73950
"합계",구로구,신도림동,277,20486,14,166,263,20320,14,166,-,-,14,166,-,-,-,-,-,-,-,-,263,20320,98,165,43,13931,122,6224
"합계",구로구,구로1동,66,8342,10,135,56,8207,10,135,-,-,10,135,-,-,-,-,-,-,-,-,56,8207,-,-,21,6488,35,1719
"합계",구로구,구로3동,417,24883,3,124,414,24759,2,11,-,-,2,11,2,178,1,93,-,20,1,65,413,24694,39,111,75,2833,299,21750
"합계",구로구,구로4동,246,5156,18,716,228,4440,16,205,1,35,15,170,5,666,1,93,1,418,3,155,225,4285,75,206,38,2577,112,1502
"합계",구로구,구로5동,971,18855,38,826,933,18029,36,425,1,16,35,409,4,462,-,-,2,401,2,61,931,17968,591,1040,92,8953,248,7975
"합계",구로구,고척1동,551,11025,23,196,528,10829,20,101,-,-,20,101,3,95,-,-,3,95,-,-,528,10829,265,511,105,4752,158,5566
"합계",구로구,고척2동,1314,10112,29,437,1285,9675,24,158,-,-,24,158,6,286,-,-,5,279,1,7,1284,9668,917,1877,204,6630,163,1161
"합계",구로구,개봉2동,918,11098,21,103,897,10995,18,72,-,-,18,72,6,76,-,-,3,31,3,45,894,10950,404,711,379,9630,111,609
"합계",구로구,개봉3동,1016,7237,27,302,989,6935,25,302,-,-,25,302,2,-,-,-,2,-,-,-,989,6935,504,1124,381,5079,104,732
"합계",구로구,오류1동,517,8570,9,121,508,8449,5,8,-,-,5,8,7,141,-,-,4,113,3,28,505,8421,232,417,150,3920,123,4084
"합계",구로구,수궁동,797,9687,17,303,780,9384,15,262,2,82,13,180,4,62,-,-,2,41,2,21,778,9363,184,441,385,6177,209,2745
"합계",구로구,가리봉동,382,2547,7,296,375,2251,4,89,-,-,4,89,7,324,-,-,3,207,4,117,371,2134,190,415,88,810,93,909
"합계",구로구,구로2동,1419,18277,38,529,1381,17748,34,421,1,18,33,403,9,189,-,-,4,108,5,81,1376,17667,824,1398,216,3710,336,12559
"합계",구로구,개봉1동,1022,10799,67,594,955,10205,66,404,-,-,66,404,1,190,-,-,1,190,-,-,955,10205,504,1018,259,7514,192,1673
"합계",구로구,오류2동,711,18114,12,411,699,17703,11,83,-,-,11,83,8,581,1,328,-,-,7,253,692,17450,288,760,214,12478,190,4212
"합계",구로구,항동,57,5131,-,-,57,5131,-,-,-,-,-,-,-,-,-,-,-,-,-,-,57,5131,14,3544,30,1057,13,530
"합계",금천구,소계,9481,133132,71,3779,9410,129353,21,2023,2,59,19,1964,63,2094,1,128,49,1628,13,338,9397,129015,4641,10914,2192,37813,2564,80288
"합계",금천구,가산동,795,50971,9,694,786,50277,6,322,1,37,5,285,5,503,-,-,3,372,2,131,784,50146,161,417,149,2704,474,47025
"합계",금천구,독산1동,1039,17778,10,525,1029,17253,7,398,1,22,6,376,4,136,-,-,3,127,1,9,1028,17244,274,812,154,4961,600,11471
"합계",금천구,독산2동,1176,5506,7,330,1169,5176,1,169,-,-,1,169,7,167,-,-,6,161,1,6,1168,5170,700,1544,293,2325,175,1301
"합계",금천구,독산3동,1435,11950,6,416,1429,11534,1,261,-,-,1,261,8,228,-,-,5,155,3,73,1426,11461,739,1822,359,4297,328,5342
"합계",금천구,독산4동,1128,6187,5,301,1123,5886,1,192,-,-,1,192,7,197,-,-,4,109,3,88,1120,5798,712,1560,233,2190,175,2048
"합계",금천구,시흥1동,1430,14097,5,316,1425,13781,1,195,-,-,1,195,5,132,-,-,4,121,1,11,1424,13770,796,1904,292,6566,336,5300
"합계",금천구,시흥2동,110,7570,3,73,107,7497,1,15,-,-,1,15,2,58,-,-,2,58,-,-,107,7497,44,83,26,5230,37,2184
"합계",금천구,시흥3동,620,7747,2,117,618,7630,1,73,-,-,1,73,2,59,-,-,1,44,1,15,617,7615,229,777,219,3753,169,3085
"합계",금천구,시흥4동,917,5754,13,666,904,5088,1,204,-,-,1,204,12,462,1,128,11,334,-,-,904,5088,507,1086,284,2781,113,1221
"합계",금천구,시흥5동,831,5572,11,341,820,5231,1,194,-,-,1,194,11,152,-,-,10,147,1,5,819,5226,479,909,183,3006,157,1311
"합계",영등포구,소계,10855,183911,1986,9145,8869,174766,1954,5444,8,185,1946,5259,60,5414,3,944,29,2757,28,1713,8841,173053,5492,16364,1401,72050,1948,84639
"합계",영등포구,여의동,273,50733,31,701,242,50032,31,701,2,97,29,604,1,101,-,-,-,-,1,101,241,49931,-,-,26,11617,215,38314
"합계",영등포구,당산1동,403,9412,144,1062,259,8350,138,280,-,-,138,280,7,866,2,374,4,408,1,84,258,8266,76,318,43,4393,139,3555
"합계",영등포구,당산2동,458,15802,78,230,380,15572,77,199,1,23,76,176,3,251,-,-,1,31,2,220,378,15352,106,795,88,10616,184,3941
"합계",영등포구,양평1동,326,9916,108,453,218,9463,108,453,-,-,108,453,2,560,-,-,-,-,2,560,216,8903,60,391,36,2757,120,5755
"합계",영등포구,양평2동,434,11839,59,447,375,11392,58,354,1,6,57,348,2,101,-,-,1,93,1,8,374,11384,94,596,116,5526,164,5262
"합계",영등포구,신길1동,871,4974,84,405,787,4569,82,245,-,-,82,245,2,160,-,-,2,160,-,-,787,4569,569,1422,123,1582,95,1565
"합계",영등포구,신길3동,506,3608,97,276,409,3332,96,131,-,-,96,131,1,145,-,-,1,145,-,-,409,3332,293,580,60,1774,56,978
"합계",영등포구,신길4동,211,2085,48,220,163,1865,46,67,-,-,46,67,2,153,-,-,2,153,-,-,163,1865,116,1267,29,382,18,216
"합계",영등포구,신길5동,664,4101,125,331,539,3770,124,305,-,-,124,305,1,26,-,-,1,26,-,-,539,3770,417,798,73,2308,49,664
"합계",영등포구,신길6동,535,5137,55,289,480,4848,54,160,-,-,54,160,2,143,-,-,1,129,1,14,479,4834,305,779,74,2729,100,1326
"합계",영등포구,신길7동,279,4334,70,163,209,4171,69,146,1,20,68,126,2,41,-,-,1,17,1,24,208,4147,128,350,29,2169,51,1628
"합계",영등포구,대림1동,1112,5486,31,408,1081,5078,29,55,-,-,29,55,3,379,-,-,2,353,1,26,1080,5052,880,2285,111,1787,89,980
"합계",영등포구,대림2동,1637,5429,58,357,1579,5072,57,206,-,-,57,206,1,151,-,-,1,151,-,-,1579,5072,1342,2550,147,1840,90,682
"합계",영등포구,대림3동,1265,8065,528,1102,737,6963,526,805,1,18,525,787,3,323,-,-,2,297,1,26,736,6937,473,1288,134,4273,129,1376
"합계",영등포구,영등포본동,491,7133,89,652,402,6481,86,299,-,-,86,299,7,441,-,-,3,353,4,88,398,6393,204,526,114,3950,80,1917
"합계",영등포구,영등포동,365,14693,107,1265,258,13428,102,373,1,10,101,363,16,1383,1,570,4,322,11,491,247,12937,39,375,57,3210,151,9352
"합계",영등포구,도림동,697,5614,108,239,589,5375,107,213,-,-,107,213,2,76,-,-,1,26,1,50,588,5325,385,2009,109,2531,94,785
"합계",영등포구,문래동,328,15550,166,545,162,15005,164,452,1,11,163,441,3,114,-,-,2,93,1,21,161,14984,5,35,32,8606,124,6343
"합계",동작구,소계,8672,139766,115,3472,8557,136294,80,2495,-,-,80,2495,65,1957,1,64,34,913,30,980,8527,135314,3837,8999,3055,98522,1635,27793
"합계",동작구,노량진2동,140,3097,3,251,137,2846,2,165,-,-,2,165,5,189,-,-,1,86,4,103,133,2743,51,132,37,308,45,2303
"합계",동작구,상도1동,982,16686,6,175,976,16511,5,157,-,-,5,157,1,18,-,-,1,18,-,-,976,16511,323,856,347,12750,306,2905
"합계",동작구,상도2동,427,13084,8,180,419,12904,7,175,-,-,7,175,5,148,-,-,1,5,4,143,415,12761,141,350,164,11131,110,1280
"합계",동작구,상도3동,942,5953,13,320,929,5633,6,145,-,-,6,145,9,204,-,-,7,175,2,29,927,5604,427,927,430,4168,70,509
"합계",동작구,상도4동,1175,7229,5,318,1170,6911,3,253,-,-,3,253,4,95,-,-,2,65,2,30,1168,6881,626,1317,475,5076,67,488
"합계",동작구,사당1동,1011,6343,6,185,1005,6158,5,180,-,-,5,180,3,48,-,-,1,5,2,43,1003,6115,501,1281,326,2893,176,1941
"합계",동작구,사당3동,319,8790,6,244,313,8546,5,229,-,-,5,229,2,27,-,-,1,15,1,12,312,8534,140,333,117,7235,55,966
"합계",동작구,사당4동,581,3842,6,269,575,3573,2,228,-,-,2,228,6,148,-,-,4,41,2,107,573,3466,299,632,232,2622,42,212
"합계",동작구,사당5동,321,5588,7,272,314,5316,6,235,-,-,6,235,1,37,-,-,1,37,-,-,314,5316,168,448,109,4661,37,207
"합계",동작구,대방동,731,11524,16,309,715,11215,13,255,-,-,13,255,6,191,-,-,3,54,3,137,712,11078,254,627,295,8114,163,2337
"합계",동작구,신대방1동,387,8169,6,201,381,7968,4,136,-,-,4,136,2,65,-,-,2,65,-,-,381,7968,238,480,87,6855,56,633
"합계",동작구,신대방2동,510,12266,9,239,501,12027,6,103,-,-,6,103,5,189,1,64,2,72,2,53,499,11974,267,657,158,6974,74,4343
"합계",동작구,흑석동,294,16738,9,146,285,16592,6,54,-,-,6,54,9,372,-,-,3,92,6,280,279,16312,123,339,87,11431,69,4542
"합계",동작구,노량진1동,443,11879,4,52,439,11827,3,48,-,-,3,48,3,47,-,-,1,4,2,43,437,11784,125,262,67,7495,245,4027
"합계",동작구,사당2동,409,8578,11,311,398,8267,7,132,-,-,7,132,4,179,-,-,4,179,-,-,398,8267,154,358,124,6809,120,1100
"합계",관악구,소계,20377,153306,45,7349,20332,145957,29,5746,1,62,28,5684,40,2271,2,91,14,1512,24,668,20308,145289,10567,23619,4687,80074,5054,41596
"합계",관악구,보라매동,1137,8687,3,428,1134,8259,1,138,-,-,1,138,3,309,-,-,2,290,1,19,1133,8240,642,1529,334,4788,157,1923
"합계",관악구,청림동,104,4164,1,68,103,4096,1,68,-,-,1,68,1,15,-,-,-,-,1,15,102,4081,52,96,29,3772,21,213
"합계",관악구,행운동,1238,8848,2,285,1236,8563,1,207,-,-,1,207,2,101,-,-,1,78,1,23,1235,8540,683,1510,258,4802,294,2228
"합계",관악구,낙성대동,847,7187,2,296,845,6891,2,296,-,-,2,296,1,65,-,-,-,-,1,65,844,6826,438,1052,132,2034,274,3740
"합계",관악구,중앙동,657,4591,1,214,656,4377,1,214,-,-,1,214,-,-,-,-,-,-,-,-,656,4377,333,689,163,1813,160,1875
"합계",관악구,인헌동,1204,6826,2,432,1202,6394,2,432,-,-,2,432,-,-,-,-,-,-,-,-,1202,6394,521,1241,431,3602,250,1551
"합계",관악구,남현동,835,7530,1,283,834,7247,1,283,-,-,1,283,1,63,-,-,-,-,1,63,833,7184,369,930,297,4018,167,2236
"합계",관악구,서원동,1245,6766,2,166,1243,6600,2,166,-,-,2,166,1,45,-,-,-,-,1,45,1242,6555,676,1599,358,2827,208,2129
"합계",관악구,신원동,1125,3634,2,221,1123,3413,2,221,-,-,2,221,2,45,-,-,-,-,2,45,1121,3368,785,1410,175,1232,161,726
"합계",관악구,서림동,1120,5830,1,240,1119,5590,1,240,-,-,1,240,-,-,-,-,-,-,-,-,1119,5590,558,1220,193,2251,368,2119
"합계",관악구,신사동,1839,6694,4,633,1835,6061,1,397,-,-,1,397,4,256,1,60,2,176,1,20,1834,6041,1329,2742,224,1763,281,1536
"합계",관악구,신림동,1070,6409,4,572,1066,5837,3,384,1,62,2,322,3,232,-,-,1,188,2,44,1064,5793,328,810,179,1614,557,3369
"합계",관악구,난향동,260,5634,1,176,259,5458,1,176,-,-,1,176,-,-,-,-,-,-,-,-,259,5458,157,299,66,4726,36,433
"합계",관악구,조원동,1101,7186,4,564,1097,6622,2,425,-,-,2,425,4,184,1,31,1,108,2,45,1095,6577,631,1385,166,2593,298,2599
"합계",관악구,대학동,1307,7711,1,212,1306,7499,1,212,-,-,1,212,1,18,-,-,-,-,1,18,1305,7481,519,1195,87,2072,699,4214
"합계",관악구,은천동,1050,11028,1,432,1049,10596,1,432,-,-,1,432,1,42,-,-,-,-,1,42,1048,10554,467,1098,349,7839,232,1617
"합계",관악구,성현동,374,11818,1,72,373,11746,1,72,-,-,1,72,2,46,-,-,-,-,2,46,371,11700,129,322,159,10615,83,763
"합계",관악구,청룡동,1227,10297,3,541,1224,9756,1,390,-,-,1,390,4,213,-,-,2,151,2,62,1222,9694,642,1377,207,3319,373,4998
"합계",관악구,난곡동,1094,6315,3,572,1091,5743,1,382,-,-,1,382,3,217,-,-,2,190,1,27,1090,5716,561,1290,416,3563,113,863
"합계",관악구,삼성동,401,6124,4,475,397,5649,2,233,-,-,2,233,4,290,-,-,2,242,2,48,395,5601,223,428,93,4543,79,630
"합계",관악구,미성동,1142,10027,2,467,1140,9560,1,378,-,-,1,378,3,130,-,-,1,89,2,41,1138,9519,524,1397,371,6288,243,1834
"합계",서초구,소계,12427,264800,785,7396,11642,257404,733,4811,1,50,732,4761,110,8104,1,184,51,2401,58,5519,11584,251885,3573,12649,2742,122767,5269,116469
"합계",서초구,서초1동,994,18274,76,651,918,17623,70,530,-,-,70,530,14,650,-,-,6,121,8,529,910,17094,304,1057,147,7341,459,8696
"합계",서초구,서초2동,442,17150,15,159,427,16991,10,132,-,-,10,132,9,271,-,-,5,27,4,244,423,16747,75,259,58,5191,290,11297
"합계",서초구,서초3동,1211,31193,69,473,1142,30720,67,446,-,-,67,446,13,385,-,-,2,27,11,358,1131,30362,185,796,176,10565,770,19001
"합계",서초구,서초4동,234,18615,3,10,231,18605,3,10,-,-,3,10,3,126,-,-,-,-,3,126,228,18479,19,87,21,11960,188,6432
"합계",서초구,잠원동,580,15251,27,243,553,15008,24,149,-,-,24,149,8,159,-,-,3,94,5,65,548,14943,143,555,95,9765,310,4623
"합계",서초구,반포본동,13,2343,1,50,12,2293,1,50,1,50,-,-,-,-,-,-,-,-,-,-,12,2293,-,-,3,1639,9,654
"합계",서초구,반포1동,765,13748,46,324,719,13424,41,179,-,-,41,179,7,176,-,-,5,145,2,31,717,13393,339,1441,155,9366,223,2586
"합계",서초구,반포2동,33,8337,1,165,32,8172,-,-,-,-,-,-,1,165,-,-,1,165,-,-,32,8172,1,14,9,6812,22,1346
"합계",서초구,반포3동,45,6986,2,10,43,6976,2,10,-,-,2,10,-,-,-,-,-,-,-,-,43,6976,3,38,15,4785,25,2153
"합계",서초구,반포4동,675,18312,37,528,638,17784,31,201,-,-,31,201,7,340,-,-,6,327,1,13,637,17771,105,524,295,6732,237,10515
"합계",서초구,방배본동,685,10835,49,515,636,10320,47,354,-,-,47,354,5,235,-,-,2,161,3,74,633,10246,215,864,202,6834,216,2548
"합계",서초구,방배1동,823,8479,46,306,777,8173,43,161,-,-,43,161,6,230,-,-,3,145,3,85,774,8088,315,1141,184,4328,275,2619
"합계",서초구,방배2동,1143,9480,47,769,1096,8711,43,455,-,-,43,455,6,338,1,184,3,130,2,24,1094,8687,544,1413,262,4425,288,2849
"합계",서초구,방배3동,482,8552,42,311,440,8241,42,311,-,-,42,311,1,67,-,-,-,-,1,67,439,8174,96,322,175,4668,168,3184
"합계",서초구,방배4동,1042,10672,58,569,984,10103,56,434,-,-,56,434,3,147,-,-,2,135,1,12,983,10091,429,1340,286,6334,268,2417
"합계",서초구,양재1동,1319,27696,110,700,1209,26996,110,700,-,-,110,700,4,64,-,-,-,-,4,64,1205,26932,344,1149,268,14422,593,11361
"합계",서초구,양재2동,1621,30475,155,1572,1466,28903,143,689,-,-,143,689,21,4524,-,-,12,883,9,3641,1457,25262,262,1096,381,3477,814,20689
"합계",서초구,내곡동,320,8402,1,41,319,8361,-,-,-,-,-,-,2,227,-,-,1,41,1,186,318,8175,194,553,10,4123,114,3499
"합계",강남구,소계,20142,402283,106,13824,20036,388459,75,8550,4,95,71,8455,159,10629,5,930,26,4344,128,5355,19908,383104,6451,39186,3793,134102,9664,209816
"합계",강남구,신사동,1195,17489,8,1165,1187,16324,7,980,2,38,5,942,9,299,-,-,1,185,8,114,1179,16210,336,5474,105,1149,738,9587
"합계",강남구,논현1동,2084,22571,4,854,2080,21717,3,662,-,-,3,662,9,742,-,-,1,192,8,550,2072,21167,766,3679,442,5850,864,11638
"합계",강남구,논현2동,2114,25953,6,820,2108,25133,6,820,-,-,6,820,8,346,-,-,-,-,8,346,2100,24787,704,2624,363,6983,1033,15180
"합계",강남구,삼성1동,792,26088,8,1484,784,24604,6,581,-,-,6,581,14,1588,-,-,2,903,12,685,772,23919,160,564,153,5647,459,17708
"합계",강남구,삼성2동,1175,21986,4,420,1171,21566,3,325,-,-,3,325,6,233,-,-,1,95,5,138,1166,21428,373,1529,324,11714,469,8185
"합계",강남구,대치1동,129,14012,4,88,125,13924,4,88,-,-,4,88,2,91,-,-,-,-,2,91,123,13833,20,57,25,11082,78,2694
"합계",강남구,대치4동,1279,16312,7,476,1272,15836,5,252,-,-,5,252,2,224,-,-,2,224,-,-,1272,15836,435,1931,380,4967,457,8938
"합계",강남구,역삼1동,3505,53889,8,839,3497,53050,7,721,-,-,7,721,31,993,-,-,1,118,30,875,3467,52175,1119,5361,628,7366,1720,39448
"합계",강남구,역삼2동,1047,24847,5,359,1042,24488,3,267,-,-,3,267,9,302,-,-,2,92,7,210,1035,24278,320,1544,266,11792,449,10942
"합계",강남구,도곡1동,438,13092,2,198,436,12894,2,198,-,-,2,198,1,13,-,-,-,-,1,13,435,12881,98,439,111,7284,226,5158
"합계",강남구,도곡2동,333,24851,3,422,330,24429,1,215,-,-,1,215,6,304,-,-,2,207,4,97,326,24332,40,140,48,10805,238,13387
"합계",강남구,개포1동,51,5131,2,224,49,4907,-,-,-,-,-,-,2,224,-,-,2,224,-,-,49,4907,10,171,16,2829,23,1907
"합계",강남구,개포4동,997,9321,4,1056,993,8265,2,776,-,-,2,776,7,351,-,-,2,280,5,71,988,8194,209,786,316,2863,463,4545
"합계",강남구,일원본동,134,10095,3,122,131,9973,1,44,-,-,1,44,3,158,2,78,-,-,1,80,130,9893,94,295,6,3655,30,5943
"합계",강남구,일원1동,857,4307,5,901,852,3406,3,513,-,-,3,513,2,388,-,-,2,388,-,-,852,3406,604,1201,109,729,139,1476
"합계",강남구,일원2동,20,6040,3,349,17,5691,1,-,-,-,1,-,2,349,-,-,2,349,-,-,17,5691,2,1591,2,1571,13,2529
"합계",강남구,수서동,91,7563,3,743,88,6820,1,71,-,-,1,71,2,672,2,672,-,-,-,-,88,6820,19,39,6,2279,63,4502
"합계",강남구,세곡동,547,18198,4,435,543,17763,2,225,-,-,2,225,7,499,-,-,2,210,5,289,538,17474,443,7669,9,4673,86,5132
"합계",강남구,압구정동,1025,20358,5,740,1020,19618,4,396,1,18,3,378,12,1172,-,-,1,344,11,828,1009,18790,200,2272,14,5317,795,11201
"합계",강남구,청담동,1538,27146,7,1026,1531,26120,6,801,-,-,6,801,12,776,-,-,1,225,11,551,1520,25569,370,1320,281,10386,869,13863
"합계",강남구,대치2동,677,28501,10,954,667,27547,8,615,1,39,7,576,11,719,1,180,1,159,9,380,658,27167,106,440,157,12846,395,13881
"합계",강남구,개포2동,114,4533,1,149,113,4384,-,-,-,-,-,-,2,186,-,-,1,149,1,37,112,4347,23,60,32,2315,57,1972
"합계",송파구,소계,22462,353631,547,17972,21915,335659,455,12473,1,28,454,12445,120,6643,3,941,89,4558,28,1144,21887,334515,8150,15400,8058,184670,5679,134445
"합계",송파구,풍납1동,1315,5369,48,1466,1267,3903,28,564,-,-,28,564,20,902,-,-,20,902,-,-,1267,3903,997,614,104,1761,166,1528
"합계",송파구,풍납2동,825,14155,50,1177,775,12978,27,559,-,-,27,559,23,618,-,-,23,618,-,-,775,12978,430,714,164,4525,181,7739
"합계",송파구,거여1동,732,5093,19,629,713,4464,18,628,-,-,18,628,1,1,-,-,1,1,-,-,713,4464,385,528,163,2844,165,1092
"합계",송파구,거여2동,242,4890,14,376,228,4514,12,244,-,-,12,244,2,132,-,-,2,132,-,-,228,4514,136,136,56,3286,36,1092
"합계",송파구,마천1동,1408,5971,34,880,1374,5091,22,403,-,-,22,403,15,587,-,-,12,477,3,110,1371,4981,891,620,309,3361,171,1000
"합계",송파구,마천2동,1439,5754,28,1198,1411,4556,27,1058,-,-,27,1058,1,140,-,-,1,140,-,-,1411,4556,810,653,334,2751,267,1152
"합계",송파구,방이1동,712,7696,25,806,687,6890,21,684,-,-,21,684,5,137,-,-,4,122,1,15,686,6875,137,339,285,3364,264,3172
"합계",송파구,방이2동,1518,13325,31,437,1487,12888,31,437,-,-,31,437,2,26,-,-,-,-,2,26,1485,12862,386,992,667,5278,432,6592
"합계",송파구,오륜동,151,13759,-,-,151,13759,-,-,-,-,-,-,1,22,-,-,-,-,1,22,150,13737,41,150,56,8321,53,5266
"합계",송파구,오금동,1427,17318,29,1998,1398,15320,29,1998,-,-,29,1998,1,14,-,-,-,-,1,14,1397,15306,397,989,543,9355,457,4962
"합계",송파구,송파1동,1646,11862,31,777,1615,11085,29,368,-,-,29,368,5,487,-,-,2,409,3,78,1612,11007,493,1308,776,6405,343,3294
"합계",송파구,송파2동,479,8212,9,297,470,7915,9,297,-,-,9,297,1,50,-,-,-,-,1,50,469,7865,139,290,191,6165,139,1410
"합계",송파구,석촌동,2224,15249,53,770,2171,14479,40,648,-,-,40,648,17,223,-,-,13,122,4,101,2167,14378,592,1783,1083,8140,492,4455
"합계",송파구,삼전동,1962,13062,32,633,1930,12429,30,434,-,-,30,434,5,254,-,-,2,199,3,55,1927,12374,504,1803,1089,7466,334,3105
"합계",송파구,가락본동,1074,15406,26,984,1048,14422,26,984,-,-,26,984,2,140,-,-,-,-,2,140,1046,14282,256,560,322,6119,468,7603
"합계",송파구,가락1동,58,20389,-,-,58,20389,-,-,-,-,-,-,1,29,-,-,-,-,1,29,57,20360,46,75,3,13313,8,6972
"합계",송파구,가락2동,1054,14134,27,942,1027,13192,27,942,-,-,27,942,1,16,-,-,-,-,1,16,1026,13176,261,623,415,9064,350,3489
"합계",송파구,문정1동,842,9950,21,941,821,9009,19,550,-,-,19,550,3,401,-,-,2,391,1,10,820,8999,211,585,330,6190,279,2224
"합계",송파구,문정2동,54,26971,1,37,53,26934,1,37,-,-,1,37,3,467,-,-,-,-,3,467,50,26467,3,8,5,7243,42,19216
"합계",송파구,잠실본동,1892,13749,35,649,1857,13100,35,649,-,-,35,649,-,-,-,-,-,-,-,-,1857,13100,557,1746,767,5962,533,5392
"합계",송파구,잠실4동,13,11708,-,-,13,11708,-,-,-,-,-,-,-,-,-,-,-,-,-,-,13,11708,-,-,2,9774,11,1934
"합계",송파구,잠실6동,43,19476,7,762,36,18714,4,164,1,28,3,136,3,598,2,578,1,20,-,-,36,18714,1,117,9,7487,26,11110
"합계",송파구,잠실7동,65,3806,1,115,64,3691,-,-,-,-,-,-,1,115,-,-,1,115,-,-,64,3691,55,107,2,1492,7,2092
"합계",송파구,잠실2동,19,18914,1,859,18,18055,-,-,-,-,-,-,1,859,-,-,1,859,-,-,18,18055,-,-,2,14906,16,3149
"합계",송파구,잠실3동,25,17339,3,50,22,17289,-,-,-,-,-,-,3,50,-,-,3,50,-,-,22,17289,-,-,4,13119,18,4170
"합계",송파구,장지동,933,26472,22,1189,911,25283,20,825,-,-,20,825,2,364,1,363,1,1,-,-,911,25283,253,507,335,7208,323,17568
"합계",송파구,위례동,310,13602,-,-,310,13602,-,-,-,-,-,-,1,11,-,-,-,-,1,11,309,13591,169,153,42,9771,98,3667
"합계",강동구,소계,16798,188133,38,10047,16760,178086,22,7126,-,-,22,7126,29,3320,2,1441,14,1480,13,399,16747,177687,7023,15954,3901,124679,5823,37054
"합계",강동구,명일1동,588,7880,2,512,586,7368,1,271,-,-,1,271,2,246,-,-,1,241,1,5,585,7363,163,504,119,4788,303,2071
"합계",강동구,명일2동,376,6511,4,256,372,6255,3,245,-,-,3,245,1,11,1,11,-,-,-,-,372,6255,178,521,37,2951,157,2783
"합계",강동구,고덕1동,901,5925,1,242,900,5683,1,242,-,-,1,242,-,-,-,-,-,-,-,-,900,5683,537,974,62,4132,301,577
"합계",강동구,고덕2동,1280,10658,3,454,1277,10204,1,401,-,-,1,401,2,53,-,-,2,53,-,-,1277,10204,823,1157,52,8314,402,733
"합계",강동구,암사2동,356,5912,1,164,355,5748,1,164,-,-,1,164,-,-,-,-,-,-,-,-,355,5748,108,253,82,4737,165,758
"합계",강동구,암사3동,319,8278,1,188,318,8090,1,188,-,-,1,188,-,-,-,-,-,-,-,-,318,8090,160,382,63,7310,95,398
"합계",강동구,천호1동,1550,10373,3,656,1547,9717,1,441,-,-,1,441,2,215,-,-,2,215,-,-,1547,9717,676,1460,391,6458,480,1799
"합계",강동구,천호3동,763,10261,3,645,760,9616,1,275,-,-,1,275,3,392,-,-,2,370,1,22,759,9594,265,603,182,5620,312,3371
"합계",강동구,성내1동,778,8582,1,699,777,7883,1,699,-,-,1,699,2,82,-,-,-,-,2,82,775,7801,150,507,281,4675,344,2619
"합계",강동구,성내2동,1225,7956,3,615,1222,7341,1,415,-,-,1,415,3,218,-,-,2,200,1,18,1221,7323,548,1253,273,4318,400,1752
"합계",강동구,성내3동,1309,10846,2,679,1307,10167,1,658,-,-,1,658,3,125,-,-,1,21,2,104,1305,10063,496,1471,462,6420,347,2172
"합계",강동구,둔촌1동,14,116,-,-,14,116,-,-,-,-,-,-,-,-,-,-,-,-,-,-,14,116,3,1,-,-,11,115
"합계",강동구,둔촌2동,866,10553,1,435,865,10118,1,435,-,-,1,435,1,-,-,-,-,-,1,-,864,10118,319,863,241,6339,304,2916
"합계",강동구,암사1동,2052,16276,3,568,2049,15708,2,454,-,-,2,454,3,214,-,-,1,114,2,100,2047,15608,836,1586,602,13429,609,593
"합계",강동구,천호2동,1936,15474,5,2582,1931,12892,2,971,-,-,2,971,4,1657,1,1430,2,181,1,46,1930,12846,738,1759,445,7669,747,3418
"합계",강동구,길동,1781,20713,1,820,1780,19893,1,820,-,-,1,820,2,22,-,-,-,-,2,22,1778,19871,712,2018,511,13198,555,4655
"합계",강동구,강일동,113,20968,3,267,110,20701,2,182,-,-,2,182,1,85,-,-,1,85,-,-,110,20701,1,26,21,15806,88,4869
"합계",강동구,상일1동,591,10851,1,265,590,10586,1,265,-,-,1,265,-,-,-,-,-,-,-,-,590,10586,310,616,77,8515,203,1455
