시군구명,읍면동명,도로명,건물명,경도,위도
종로구,신교동,필운대로,월드빌,126.966744,37.58664436
종로구,숭인동,숭인동1길,삼성타운,127.01778,37.57957593
종로구,숭인동,숭인동1나길,삼성타운,127.0180261,37.57958244
종로구,평창동,평창6길,월드빌,126.9734839,37.62005522
중구,장충동1가,장충단로6가길,삼우빌라,127.0061127,37.56373864
중구,신당동,다산로24길,청구아파트,127.0138076,37.55996969
중구,신당동,다산로24길,청구아파트,127.0139981,37.56005582
중구,신당동,다산로42길,그린빌,127.0159223,37.56722057
중구,신당동,다산로42길,그린빌,127.0161484,37.5671629
중구,신당동,청구로1길,청구아파트,127.0141919,37.56053206
중구,신당동,청구로1길,청구아파트,127.0143229,37.5604758
중구,신당동,청구로1길,청구아파트,127.0139127,37.56044698
중구,신당동,청구로1길,청구아파트,127.0140418,37.56046916
중구,신당동,청구로1길,청구아파트,127.0138227,37.56032617
중구,신당동,청구로1길,청구아파트,127.0137438,37.56019629
중구,신당동,청구로1길,청구아파트,127.0136021,37.56002989
용산구,효창동,백범로47길,현대아트빌라,126.9584064,37.54472223
용산구,용문동,효창원로55길,위더스빌,126.9581734,37.54157282
용산구,이촌동,이촌로,삼익아파트,126.9735417,37.52196694
용산구,이촌동,이촌로,현대아파트,126.978279,37.52084049
용산구,이촌동,이촌로62길,월드메르디앙,126.9671747,37.5233122
용산구,한남동,독서당로,동원베네스트,127.0054219,37.53297576
성동구,홍익동,무학로10길,리더스파크,127.0293548,37.56880435
성동구,도선동,무학로4길,현대하이츠,127.0304474,37.56740934
성동구,성수동1가,서울숲길,현대아파트,127.0381565,37.550761
성동구,성수동1가,서울숲길,현대아파트,127.0389916,37.55063744
성동구,성수동2가,둘레19길,삼익아파트,127.0559154,37.53834341
광진구,중곡동,동일로,성원아파트,127.0775063,37.57399144
광진구,중곡동,능동로42길,월드빌,127.0823941,37.56120063
광진구,중곡동,능동로59길,중앙하이츠,127.0829738,37.57164994
광진구,중곡동,동일로68길,월드빌,127.0763913,37.56486305
광진구,중곡동,면목로12길,그린빌,127.0809579,37.57000736
광진구,중곡동,용마산로14길,월드빌,127.0857982,37.56468242
광진구,중곡동,천호대로129길,현대아트빌라,127.0903714,37.55722724
광진구,능동,천호대로110길,삼호빌라트,127.0760964,37.5562329
광진구,구의동,구의강변로,현대아파트,127.091945,37.54158685
광진구,구의동,광나루로30가길,월드빌,127.0804681,37.54715794
광진구,구의동,광나루로32길,현대아트빌라,127.0814188,37.54719258
광진구,구의동,광나루로38길,현대아트빌라,127.0853421,37.54475689
광진구,구의동,광나루로46길,현대아트빌라,127.090231,37.54524676
광진구,구의동,아차산로58가길,현대아트빌라,127.087651,37.53842356
광진구,구의동,자양로26길,현대아트빌라,127.0850734,37.54359807
광진구,구의동,자양로26길,현대아트빌라,127.0858339,37.54333782
광진구,구의동,자양로29길,현대아트빌라,127.0820474,37.54694571
광진구,구의동,자양로29길,현대아트빌라,127.0816403,37.54711805
광진구,구의동,자양로40길,현대아트빌라,127.0884826,37.55015291
광진구,구의동,자양로48길,현대아트빌라,127.0909436,37.55398291
광진구,구의동,자양로49길,현대아트빌라,127.089664,37.55554201
광진구,구의동,자양로50가길,해오름,127.0922436,37.55646096
광진구,구의동,자양로52길,현대아트빌라,127.0914907,37.55583033
광진구,구의동,자양로52길,현대아트빌라,127.0916476,37.55584133
광진구,구의동,천호대로132길,현대아트빌라,127.0870817,37.55233453
광진구,구의동,천호대로136길,현대아트빌라,127.0892063,37.55078524
광진구,구의동,천호대로137길,월드빌,127.0913489,37.55243747
광진구,구의동,천호대로137길,월드빌,127.0914555,37.55241087
광진구,구의동,천호대로137길,현대아트빌라,127.0912525,37.55269186
광진구,광장동,아차산로,청구아파트,127.094767,37.54447049
광진구,광장동,아차산로,현대아파트,127.0957821,37.54439738
광진구,광장동,아차산로,현대아파트,127.0972808,37.54489943
광진구,광장동,아차산로66길,현대아파트,127.0961442,37.54408318
광진구,광장동,아차산로69길,현대아파트,127.0961353,37.54571758
광진구,자양동,능동로3길,성원아파트,127.0641195,37.53595287
광진구,자양동,능동로3길,성원아파트,127.0641766,37.53634187
광진구,자양동,능동로3길,극동아파트,127.0627347,37.53669601
광진구,자양동,능동로3길,극동아파트,127.0622984,37.53684011
광진구,자양동,뚝섬로31길,대동아파트,127.0654823,37.53888688
광진구,자양동,뚝섬로31길,대동아파트,127.0655483,37.5390151
광진구,자양동,뚝섬로31길,대동아파트,127.0657602,37.53917147
광진구,자양동,뚝섬로51길,미성,127.0794064,37.53754538
광진구,자양동,자양로11길,래디앙,127.0790007,37.53563147
광진구,자양동,자양로3길,래디앙,127.0830069,37.53397783
광진구,자양동,자양로3길,경남아너스빌,127.0817716,37.53259602
광진구,자양동,자양로3길,경남아너스빌,127.0814336,37.5324396
광진구,자양동,자양번영로3나길,현대아트빌라,127.0711004,37.53293365
광진구,군자동,군자로,현대아파트,127.0698538,37.55460308
동대문구,용두동,왕산로19가길,동성네스트빌,127.0298465,37.58213448
동대문구,용두동,왕산로19가길,동성네스트빌,127.0297722,37.582226
동대문구,용두동,천호대로31길,월드빌,127.0389727,37.57824209
동대문구,제기동,정릉천동로,현대아파트,127.033194,37.5829923
동대문구,제기동,경동시장로10길,중앙하이츠,127.0394289,37.58409801
동대문구,제기동,약령시로5길,해오름,127.0319872,37.58642013
동대문구,제기동,제기로2길,효성아파트,127.0330699,37.58794495
동대문구,전농동,서울시립대로25길,예원캐슬,127.0498369,37.58540061
동대문구,장안동,한천로,위더스빌,127.0593404,37.56848474
동대문구,장안동,한천로,월드빌,127.0604338,37.569593
동대문구,장안동,한천로,현대아파트,127.0663684,37.58366436
동대문구,장안동,답십리로68길,공감대,127.0654157,37.57097308
동대문구,장안동,장한로20길,서희스타힐스,127.0678616,37.57139497
동대문구,장안동,장한로28가길,태솔에버빌,127.0706745,37.57993263
동대문구,장안동,천호대로77가길,신일해피트리,127.0613133,37.5663508
동대문구,청량리동,약령시로21길,현대아파트,127.0435975,37.58722933
동대문구,이문동,한천로58길,현대아파트,127.06851,37.60512706
중랑구,면목동,면목로,킴스아파트,127.0847343,37.59297209
중랑구,면목동,용마산로,성원아파트,127.0880087,37.58001118
중랑구,면목동,겸재로,동서그랜드맨션,127.0758559,37.5888168
중랑구,면목동,사가정로,킴스타워,127.0838703,37.58346758
중랑구,면목동,겸재로40길,현대타운,127.084849,37.59029257
중랑구,면목동,겸재로42길,월드빌,127.0876074,37.59084061
중랑구,면목동,답십리로85길,삼우빌라,127.0827798,37.57467614
중랑구,면목동,동일로91가길,삼우빌라,127.0767844,37.58672045
중랑구,면목동,동일로96길,월드빌,127.0795651,37.58710477
중랑구,면목동,면목로29길,현대타운,127.0825196,37.57845837
중랑구,면목동,면목로38나길,현대하이츠,127.0871242,37.5817261
중랑구,면목동,면목로51길,삼우빌라,127.0838558,37.5859497
중랑구,면목동,면목로51길,삼우빌라,127.0837232,37.58595689
중랑구,면목동,면목로53길,현대타운,127.0823349,37.58661516
중랑구,면목동,면목로57길,현대타운,127.0830908,37.58757235
중랑구,면목동,면목로76길,현대아트빌라,127.0875856,37.59287936
중랑구,면목동,봉우재로20가길,IS아파트,127.0798508,37.59395299
중랑구,면목동,봉우재로26길,우정아파트,127.082921,37.59352756
중랑구,면목동,봉우재로36길,무궁화,127.0854674,37.59533137
중랑구,면목동,봉우재로6길,솔루테아파트,127.0745423,37.59195322
중랑구,면목동,용마산로40길,동성네스트빌,127.0855054,37.57467411
중랑구,면목동,용마산로40길,동성네스트빌,127.0854954,37.5749065
중랑구,면목동,용마산로60가길,휴먼빌,127.0909571,37.58168788
중랑구,면목동,용마산로60가길,휴먼빌,127.0907881,37.58177732
중랑구,면목동,용마산로86길,면목동2차미소지움아파트,127.0941704,37.58964143
중랑구,면목동,중랑천로10길,골드스타,127.075904,37.59510374
중랑구,면목동,중랑천로5길,현대홈타운,127.070574,37.59303981
중랑구,상봉동,봉우재로,문수해오름,127.0891807,37.59664405
중랑구,상봉동,봉화산로,엘지아파트,127.0881191,37.60683506
중랑구,상봉동,상봉로,백운아파트,127.0908185,37.59751112
중랑구,상봉동,상봉로,상봉 듀오트리스,127.0903122,37.60032701
중랑구,상봉동,상봉중앙로,해동 훼미리,127.0851617,37.60363267
중랑구,상봉동,망우로26길,태솔에버빌,127.0694883,37.59511319
중랑구,상봉동,봉우재로41길,현대아트빌라,127.0874716,37.59699149
중랑구,상봉동,상봉로23길,솔렌시아 5,127.0901779,37.59731275
중랑구,상봉동,상봉로23길,더클래스,127.0890756,37.59695004
중랑구,상봉동,상봉중앙로1다길,우정아파트,127.086629,37.60187418
중랑구,상봉동,상봉중앙로8길,건영캐스빌,127.0888981,37.60590862
중랑구,상봉동,신내로7가길,동부아파트,127.0919301,37.60511461
중랑구,상봉동,신내로7가길,동부아파트,127.0917885,37.60509091
중랑구,상봉동,신내로7나길,건영2차아파트,127.092903,37.60411665
중랑구,상봉동,신내로7다길,동성네스트빌,127.0906042,37.60447347
중랑구,상봉동,신내로7다길,동성네스트빌,127.0903378,37.60468923
중랑구,상봉동,중랑천로10길,금강산아파트,127.0722046,37.59475611
중랑구,상봉동,중랑천로12길,매원아파트,127.0714653,37.59522257
중랑구,중화동,중랑역로,삼익아파트,127.0755583,37.60714591
중랑구,중화동,동일로129길,태능에셈빌,127.0754709,37.60204628
중랑구,중화동,동일로136길,청광플러스원,127.0780581,37.60521694
중랑구,중화동,동일로140길,중화동건영아파트,127.0811,37.60843378
중랑구,중화동,봉화산로3길,그린빌,127.0732059,37.60744736
중랑구,묵동,동일로,위더스빌,127.0747405,37.61727543
중랑구,묵동,숙선옹주로,이편한세상 화랑대,127.0798895,37.6175008
중랑구,묵동,중랑역로,헤르만스테이트,127.0766224,37.61903977
중랑구,묵동,동일로148나길,현대아트빌라,127.0788585,37.61128482
중랑구,묵동,동일로151길,현대타운,127.0740173,37.61080066
중랑구,묵동,동일로154길,신원,127.0773931,37.61217834
중랑구,묵동,동일로154길,백운아파트,127.0773747,37.61243252
중랑구,묵동,동일로156길,현대하이츠,127.077109,37.61315701
중랑구,묵동,동일로156길,현대하이츠,127.0771014,37.61323232
중랑구,묵동,신내로25가길,해오름,127.0822433,37.62190003
중랑구,망우동,겸재로,대원,127.0938983,37.5931715
중랑구,망우동,망우로,현대아트빌라,127.1011879,37.60264926
중랑구,망우동,망우로,신원아파트,127.1059692,37.60273373
중랑구,망우동,망우로,신원아파트,127.1060735,37.60296753
중랑구,망우동,망우로58길,더하이어,127.0919243,37.59964603
중랑구,망우동,봉우재로57길,현대아파트,127.0925081,37.5991595
중랑구,망우동,상봉로26길,가야써니빌,127.0926438,37.59849702
중랑구,망우동,용마공원로3길,삼우빌라,127.0995185,37.59821248
중랑구,망우동,용마산로113길,삼우빌라,127.0970856,37.60109182
중랑구,신내동,봉화산로,동성타워프라자,127.0951607,37.61064219
중랑구,신내동,신내역로,신내 데시앙포레,127.1082008,37.61937995
중랑구,신내동,봉화산로56길,그린빌,127.0972618,37.61031574
중랑구,신내동,신내로7길,건영2차아파트,127.0937406,37.60507708
중랑구,신내동,신내로7길,건영2차아파트,127.0938422,37.60489609
중랑구,신내동,용마산로129가길,영풍마드레빌,127.0976417,37.60848426
중랑구,신내동,용마산로129나길,중앙하이츠,127.0965242,37.60710757
중랑구,신내동,용마산로139다길,휴먼빌,127.0992656,37.62023326
중랑구,신내동,신내역로1길,신내우디안1단지,127.1052802,37.61921228
성북구,성북동1가,창경궁로,휴아름 스튜디오,127.0032801,37.59117056
성북구,성북동1가,창경궁로35다길,삼호빌라트,126.999756,37.59291161
성북구,돈암동,아리랑로,돈암코오롱하늘채,127.0115767,37.60189446
성북구,돈암동,아리랑로,일신건영휴먼빌아파트,127.0113305,37.60328232
성북구,돈암동,정릉로,돈암현대아파트,127.024677,37.60676409
성북구,돈암동,정릉로,돈암현대아파트,127.0248855,37.6068118
성북구,돈암동,동소문로34길,길음역금호어울림센터힐,127.0215967,37.60360833
성북구,돈암동,아리랑로7길,삼성 아지오 아파트,127.0107533,37.6001621
성북구,돈암동,정릉로44길,돈암현대아파트,127.0223603,37.60433783
성북구,돈암동,정릉로44길,돈암현대아파트,127.0225627,37.6037464
성북구,돈암동,정릉로44길,돈암현대아파트,127.0223551,37.60290979
성북구,돈암동,정릉로46길,돈암현대아파트,127.0231525,37.60408857
성북구,돈암동,정릉로46길,돈암현대아파트,127.023089,37.60374381
성북구,동소문동1가,동소문로7길,태극에버빌,127.0064345,37.5934945
성북구,동소문동4가,동소문로3길,송산아파트,127.0077615,37.59475971
성북구,동소문동5가,보문로38길,돈암동일하이빌,127.0123119,37.5941902
성북구,동소문동6가,동소문로13나길,그린빌,127.0125056,37.59612941
성북구,삼선동2가,낙산길,삼선현대힐스테이트,127.0125567,37.58541273
성북구,삼선동2가,보문로29다길,삼선푸르지오,127.011173,37.5870475
성북구,동선동3가,동소문로32길,위더스빌,127.0198361,37.5994691
성북구,동선동4가,동소문로31길,현대아트빌라,127.0186663,37.59958721
성북구,안암동3가,안암로9길,삼익아파트,127.0224264,37.58381782
성북구,안암동5가,개운사길,그린빌,127.0267393,37.59110232
성북구,정릉동,보국문로,중앙하이츠,127.0071223,37.61264061
성북구,정릉동,서경로,동성네스트빌,127.0121295,37.60816117
성북구,정릉동,서경로,청구아파트,127.0116381,37.61388115
성북구,정릉동,정릉로,대동아파트,127.0037161,37.61054847
성북구,정릉동,보국문로11가길,중앙하이츠,127.0070761,37.61207455
성북구,정릉동,보국문로11길,중앙하이츠,127.0070435,37.61216247
성북구,정릉동,보국문로14길,위더스빌,127.0089198,37.61270545
성북구,정릉동,보국문로16가길,현대아트빌라,127.0096036,37.61616959
성북구,정릉동,보국문로16다길,휴먼빌,127.0105004,37.61529876
성북구,정릉동,보국문로18길,현대아트빌라,127.008716,37.61389304
성북구,정릉동,보국문로30가길,동성네스트빌,127.0028493,37.61943233
성북구,정릉동,보국문로30길,태솔에버빌,127.0022805,37.62053091
성북구,정릉동,보국문로6길,삼우빌라,127.0092951,37.60917522
성북구,정릉동,서경로21나길,현대아트빌라,127.0092982,37.61409892
성북구,정릉동,솔샘로11길,현대아트빌라,127.0021129,37.61375345
성북구,종암동,북악산로29길,극동아파트,127.0319642,37.59806158
성북구,종암동,종암로9길,극동아파트,127.0319229,37.59847609
성북구,하월곡동,오패산로,동신아파트,127.0344766,37.60901792
성북구,하월곡동,오패산로3길,동신아파트,127.0341375,37.60703011
성북구,장위동,화랑로,우방아파트,127.0533541,37.61305477
성북구,장위동,장월로,월드빌,127.0462379,37.61439421
성북구,장위동,장위로17길,해오름,127.0402789,37.61823921
성북구,장위동,화랑로37길,삼익아파트,127.0552339,37.61616655
성북구,석관동,한천로76다길,휴먼빌,127.0631724,37.61497108
성북구,석관동,한천로78길,해오름,127.0620231,37.61457698
성북구,석관동,한천로79길,삼보,127.0580586,37.61408581
성북구,석관동,한천로80길,그린빌,127.0619369,37.61524986
강북구,미아동,도봉로,두원프라자,127.025082,37.62566629
강북구,미아동,솔매로,현대아트빌라,127.0259627,37.63011684
강북구,미아동,솔매로,현대아트빌라,127.0259233,37.63023808
강북구,미아동,인수봉로,벽산라이브파크,127.0106984,37.62437121
강북구,미아동,도봉로33길,성북프라자,127.0246959,37.62428178
강북구,미아동,도봉로34길,월드빌,127.0283895,37.62534935
강북구,미아동,도봉로38길,월드빌,127.0285599,37.62658097
강북구,미아동,도봉로39길,월드빌,127.02248,37.62495231
강북구,미아동,도봉로54길,현대아트빌라,127.0259053,37.6299547
강북구,미아동,삼양로24길,현대성우아파트,127.0200415,37.61981306
강북구,미아동,삼양로74길,경남아너스빌,127.0162754,37.63212855
강북구,미아동,솔매로22가길,그린빌,127.0131565,37.62727605
강북구,미아동,솔매로41길,현대아트빌라,127.0210661,37.62980459
강북구,미아동,오패산로60길,월드빌,127.0280784,37.62905183
강북구,미아동,월계로21가길,미아한일유앤아이,127.0347752,37.61816093
강북구,미아동,월계로21가길,삼우빌라,127.0353172,37.61899733
강북구,미아동,월계로21나길,두예파크빌,127.0357303,37.61826199
강북구,번동,한천로,센트로힐,127.033921,37.637355
강북구,번동,오현로,현대아파트,127.0353291,37.62775055
강북구,번동,오현로31길,번동금호어울림,127.0342106,37.63417692
강북구,번동,월계로37길,현대아파트,127.0411707,37.63064888
강북구,번동,한천로122길,중앙하이츠,127.0317958,37.63897344
강북구,번동,한천로124다길,더클래스,127.0295415,37.64129704
강북구,번동,한천로124다길,현대,127.0282572,37.64215447
강북구,수유동,노해로25길,현대아트빌라,127.0206399,37.6475952
강북구,수유동,도봉로71가길,태솔캡슬,127.019809,37.63558787
강북구,수유동,도봉로99길,삼우빌라,127.0262631,37.64531633
강북구,수유동,삼양로124길,현대아트빌라,127.0142192,37.64859996
강북구,수유동,삼양로74다길,현대아트빌라,127.018812,37.63368869
강북구,수유동,삼양로92길,한솔,127.0170847,37.63921987
강북구,수유동,삼양로98길,한솔,127.0175902,37.64175935
강북구,수유동,수유로17나길,그린빌,127.0164085,37.63994767
강북구,수유동,수유로23길,형인휴아름,127.0199555,37.64117306
강북구,수유동,수유로4길,현대아트빌라,127.0179004,37.63465782
강북구,수유동,인수봉로28나길,그린빌,127.012113,37.63235141
강북구,수유동,인수봉로55길,휴먼빌,127.008723,37.63887635
강북구,수유동,인수봉로68길,그린빌,127.0097127,37.64339379
강북구,수유동,인수봉로73가길,경남,127.0063013,37.64560137
강북구,수유동,인수봉로84길,중앙하이츠,127.0104559,37.64948749
강북구,수유동,인수봉로84길,중앙하이츠,127.0108552,37.64953225
강북구,수유동,인수봉로84길,중앙하이츠,127.0108028,37.64967407
강북구,수유동,4.19로1길,중앙하이츠,127.0116261,37.6492337
강북구,우이동,삼양로,성원아파트,127.0114198,37.66427538
강북구,우이동,삼양로141길,그린빌,127.0097241,37.65292853
도봉구,쌍문동,삼양로,북한산월드메르디앙,127.0107949,37.65629278
도봉구,쌍문동,해등로,삼익세라믹아파트,127.0329053,37.66074495
도봉구,쌍문동,해등로,성원아파트,127.0275051,37.6611563
도봉구,쌍문동,해등로,현대아파트,127.0277347,37.66118905
도봉구,쌍문동,해등로,현대아파트,127.0276924,37.66141964
도봉구,쌍문동,우이천로,쌍문동삼성래미안,127.0248706,37.64901924
도봉구,쌍문동,노해로40길,브라운스톤쌍문,127.0277759,37.64981348
도봉구,쌍문동,노해로44길,월드빌,127.0280024,37.65092832
도봉구,쌍문동,노해로45길,신일라이프,127.0233905,37.65377569
도봉구,쌍문동,노해로48길,새울아파트,127.0276222,37.65298414
도봉구,쌍문동,도봉로109길,브라운스톤쌍문,127.0277691,37.64996126
도봉구,쌍문동,삼양로154길,그린빌,127.0123884,37.65775029
도봉구,쌍문동,삼양로154길,그린빌,127.0124922,37.65777687
도봉구,쌍문동,우이천로32길,신일라이프,127.0234292,37.65406482
도봉구,방학동,방학로,신동아타워아파트,127.0267151,37.66484049
도봉구,방학동,도당로,삼익세라믹아파트,127.0325394,37.66420356
도봉구,방학동,도당로,그린빌,127.0363819,37.66878996
도봉구,방학동,도당로,거성학마을아파트,127.037151,37.66971159
도봉구,방학동,도당로,휴먼빌,127.0399071,37.66938967
도봉구,방학동,시루봉로,청구아파트,127.0255563,37.65986657
도봉구,방학동,시루봉로,동양크레오아파트,127.0277137,37.66758376
도봉구,방학동,해등로,청구아파트,127.0252126,37.66054886
도봉구,방학동,마들로,대상타운현대아파트,127.0444344,37.6678796
도봉구,방학동,도당로15길,송학휴스테이,127.0337105,37.66968215
도봉구,방학동,도당로6길,성원아파트,127.0333726,37.66403546
도봉구,방학동,도당로6길,성원아파트,127.0338168,37.66427494
도봉구,방학동,도봉로146길,브라운스톤방학아파트,127.0426802,37.66692535
도봉구,방학동,도봉로150바길,금광포란재아파트,127.0430891,37.66756885
도봉구,방학동,방학로7길,성원아파트,127.0341823,37.66470234
도봉구,방학동,방학로7길,성원아파트,127.0340383,37.66470633
도봉구,방학동,방학로7길,성원아파트,127.0340736,37.66402472
도봉구,방학동,시루봉로11길,극동아파트,127.0249152,37.6672289
도봉구,방학동,시루봉로13길,두예파크빌,127.0274872,37.67128224
도봉구,방학동,시루봉로15가길,태솔에버빌,127.0298726,37.66983088
도봉구,방학동,시루봉로15다길,태양아파트,127.0292517,37.67031552
도봉구,방학동,시루봉로15마길,태양아파트,127.0289077,37.67063817
도봉구,창동,도봉로,대동아파트,127.0419245,37.66468006
도봉구,창동,해등로,상아1차아파트,127.038942,37.65675538
도봉구,창동,해등로,새울아파트,127.0385222,37.6571097
도봉구,창동,노해로63가길,상아2차아파트,127.0428653,37.65574015
도봉구,창동,덕릉로59길,현대홈타운,127.0364088,37.64427072
도봉구,창동,덕릉로60길,현대,127.0403725,37.63737707
도봉구,창동,덕릉로63길,새울아파트,127.037803,37.64809042
도봉구,창동,마들로16길,성원아파트,127.0476911,37.66368423
도봉구,창동,우이천로20길,현대하이츠,127.0323126,37.64383365
도봉구,창동,우이천로20길,현대하이츠,127.0324786,37.64385625
도봉구,창동,우이천로4라길,초안산신도브래뉴,127.0397431,37.63616298
도봉구,창동,우이천로4라길,초안산신도브래뉴,127.0402298,37.63636643
도봉구,창동,해등로16길,현대아파트,127.0386948,37.65885636
도봉구,도봉동,마들로,현대성우아파트,127.0453279,37.67876477
도봉구,도봉동,도봉로169나길,삼우빌라,127.0403332,37.68136062
도봉구,도봉동,도봉로171길,삼우빌라,127.0397469,37.68229051
도봉구,도봉동,도봉로180길,극동아파트,127.0479794,37.68482769
도봉구,도봉동,도봉산1길,휴먼빌,127.0430982,37.6890586
도봉구,도봉동,시루봉로23다길,삼성타운,127.0404268,37.67806715
노원구,월계동,월계로,월계역신도브래뉴,127.0558284,37.63212311
노원구,월계동,월계로,현대아파트,127.0565056,37.63255428
노원구,월계동,광운로,대동아파트,127.0573085,37.62426302
노원구,월계동,광운로,월계역신도브래뉴,127.0564019,37.63120192
노원구,월계동,석계로,현대아파트,127.0611901,37.62193193
노원구,월계동,석계로,성북맨션,127.0581502,37.62564517
노원구,월계동,덕릉로60길,극동아파트,127.0440799,37.6322719
노원구,월계동,덕릉로60길,극동아파트,127.0442263,37.63212618
노원구,월계동,덕릉로60길,극동아파트,127.0447885,37.63147365
노원구,월계동,광운로19길,성북역신도브래뉴,127.0565797,37.62541501
노원구,월계동,광운로2나길,동신아파트,127.0590098,37.62025685
노원구,월계동,마들로3길,성원아파트,127.0604785,37.63180148
노원구,월계동,마들로5길,녹천역두산위브아파트,127.0512162,37.64372432
노원구,월계동,월계로53길,동원베네스트,127.0564669,37.63390062
노원구,공릉동,동일로,노원 프레미어스 엠코,127.0735232,37.62107392
노원구,공릉동,공릉로,두산힐스빌아파트,127.0767417,37.62391736
노원구,공릉동,공릉로,비콘아파트,127.0770847,37.62439043
노원구,공릉동,공릉로,현대아트빌라,127.0771455,37.62811045
노원구,공릉동,공릉로,동부아파트,127.0758798,37.63072302
노원구,공릉동,공릉로,동신아파트,127.0751145,37.63126377
노원구,공릉동,노원로,우방아파트,127.084518,37.62961515
노원구,공릉동,섬밭로,삼익아파트,127.0702329,37.62111062
노원구,공릉동,섬밭로,동아하이빌아파트,127.070421,37.62145545
노원구,공릉동,섬밭로,대동아파트,127.0702937,37.62220489
노원구,공릉동,섬밭로,대주파크빌,127.069777,37.62419452
노원구,공릉동,공릉로34길,태강아파트,127.0799986,37.62649891
노원구,공릉동,공릉로41가길,한진아파트,127.0767911,37.62813803
노원구,공릉동,공릉로46길,공릉동 한보에센시티아파트,127.0776148,37.63050714
노원구,공릉동,공릉로46길,삼익아파트,127.0782998,37.63013732
노원구,공릉동,공릉로46길,삼익아파트,127.0785235,37.63018056
노원구,공릉동,공릉로51길,건영장미아파트,127.073473,37.6321771
노원구,공릉동,노원로1길,대명아파트,127.0794754,37.62321746
노원구,공릉동,동일로173길,그린빌,127.0710955,37.6211702
노원구,공릉동,동일로175길,대동아파트,127.0704612,37.62221163
노원구,공릉동,동일로176길,백영아파트,127.0737161,37.62356452
노원구,공릉동,동일로176길,현대아파트,127.0749171,37.62364215
노원구,공릉동,동일로177길,녹주아파트,127.0706199,37.6233527
노원구,공릉동,동일로183길,서경하누리아파트,127.0705751,37.62632846
노원구,공릉동,동일로186길,휴먼빌,127.0739229,37.62875593
노원구,공릉동,동일로190길,진명비베레,127.0715336,37.62812515
노원구,공릉동,동일로190길,참다움아파트,127.071757,37.62818068
노원구,공릉동,동일로191길,신명아파트,127.0688263,37.62772333
노원구,공릉동,동일로192나길,신원아파트,127.0726623,37.63044499
노원구,공릉동,동일로198길,공릉우성아파트,127.0707538,37.63166452
노원구,공릉동,화랑로51길,화랑타운아파트,127.0872279,37.62669326
노원구,공릉동,화랑로51길,비선아파트,127.0848251,37.6278914
노원구,하계동,공릉로58길,우방아파트,127.0749637,37.64059608
노원구,하계동,공릉로58라길,현대하이츠,127.0751465,37.63888301
노원구,하계동,공릉로58마길,휴먼빌,127.0768992,37.63936696
노원구,하계동,공릉로58바길,월드빌,127.0753784,37.6393941
노원구,하계동,한글비석로1길,청구아파트,127.068337,37.64346302
노원구,상계동,누원로,수락리버시티4단지,127.0507599,37.68925015
노원구,상계동,수락산로,대창센시티,127.0491998,37.67386516
노원구,상계동,노원로34길,성원아파트,127.0635038,37.66319488
노원구,상계동,덕릉로70가길,중계센트럴파크,127.0574741,37.64640139
노원구,상계동,동일로230가길,우림루미아트,127.054445,37.67738421
노원구,상계동,동일로230길,대동아파트,127.0555683,37.67415111
노원구,상계동,동일로237나길,삼성타운,127.0512126,37.67898023
노원구,상계동,동일로238길,우림루미아트,127.0552115,37.67719073
노원구,상계동,동일로239나길,수락파크빌,127.0493817,37.67823507
노원구,상계동,동일로241가길,삼성타운,127.0511943,37.67916648
노원구,상계동,동일로246길,극동아파트,127.0542657,37.68034869
노원구,중계동,덕릉로,정진아트리움,127.0734662,37.66479761
노원구,중계동,중계로,현대아파트,127.0795956,37.6526726
노원구,중계동,덕릉로94길,경남아너스빌,127.0740803,37.66485689
노원구,중계동,덕릉로94길,경남아너스빌,127.0744393,37.66510338
노원구,중계동,한글비석로15길,현대아파트,127.0714976,37.65874924
은평구,녹번동,통일로,녹번JR아파트,126.9356022,37.60239339
은평구,녹번동,통일로,래미안베라힐즈,126.9335438,37.60585751
은평구,녹번동,응암로,유일아트리움,126.9201502,37.60521263
은평구,녹번동,은평로11길,그린빌,126.9214357,37.60497381
은평구,불광동,통일로,북한산 힐스테이트7차,126.923269,37.61839429
은평구,불광동,통일로,해피플러스1,126.9179907,37.62659951
은평구,불광동,불광로,대호아파트,126.9312769,37.61806278
은평구,불광동,불광로,북한산현대힐스테이트3차아파트,126.9317842,37.62065606
은평구,불광동,불광로,삼익아파트,126.9297514,37.62302592
은평구,불광동,불광로,태양아파트,126.9300537,37.62344915
은평구,불광동,불광로,북한산대창센시티,126.9272331,37.62732012
은평구,불광동,불광로14길,북한산현대힐스테이트3차아파트,126.9318574,37.62251483
은평구,불광동,불광로20길,현대아파트,126.9285524,37.627112
은평구,불광동,불광로2길,북한산힐스테이트1차아파트,126.9335164,37.61523836
은평구,불광동,연서로33길,해오름,126.9225693,37.62450538
은평구,불광동,연서로34가길,현대아트빌라,126.9251364,37.62261957
은평구,불광동,연서로34가길,현대아트빌라,126.9251667,37.62244285
은평구,불광동,연서로37길,엘지아파트,126.9252122,37.62741831
은평구,불광동,연서로41가길,삼성타운,126.9210295,37.62963771
은평구,불광동,연서로41가길,삼성타운,126.9209001,37.62968565
은평구,불광동,통일로80길,베로니스,126.9187283,37.62275486
은평구,불광동,통일로82가길,정익제이원,126.9184882,37.62366139
은평구,불광동,통일로90길,월드빌,126.9190624,37.6276926
은평구,불광동,통일로92가길,삼성타운,126.9207498,37.62989426
은평구,갈현동,통일로,더클래스,126.9172374,37.62644917
은평구,갈현동,갈현로,더클래스,126.9163725,37.62831256
은평구,갈현동,연서로,동광갈현베르빌,126.9150267,37.61501203
은평구,갈현동,갈현로41길,더클래스,126.9138921,37.62699293
은평구,갈현동,갈현로47길,중앙하이츠,126.916755,37.63028589
은평구,갈현동,갈현로47길,중앙하이츠,126.9160798,37.62972428
은평구,갈현동,갈현로47길,중앙하이츠,126.9152348,37.63038716
은평구,갈현동,연서로17길,베로니스,126.9141233,37.61541092
은평구,갈현동,연서로17길,더클래스,126.9122028,37.61650605
은평구,갈현동,연서로29길,골드스타,126.9172225,37.62086326
은평구,구산동,서오릉로,더클래스,126.9037876,37.62043995
은평구,구산동,갈현로17길,브라운스톤구산,126.9073636,37.61452476
은평구,구산동,갈현로7길,구산그린빌,126.9023943,37.6077989
은평구,구산동,서오릉로13길,더클래스,126.9105794,37.61385182
은평구,구산동,서오릉로21길,금광포란재아파트,126.9034222,37.61631719
은평구,구산동,서오릉로21길,금광포란재아파트,126.9030596,37.61626512
은평구,구산동,연서로11길,더클래스,126.9118698,37.61086904
은평구,구산동,연서로11길,베로니스,126.9090764,37.61175689
은평구,구산동,연서로13길,더클래스,126.9122105,37.61216323
은평구,대조동,통일로,대덕타워,126.9193793,37.62039011
은평구,대조동,불광로1길,모아아파트,126.9251984,37.61280633
은평구,대조동,불광로1길,미래하임,126.9250423,37.61274473
은평구,대조동,역말로8길,현대타운,126.9197876,37.61279896
은평구,대조동,연서로24길,현대아트빌라,126.9172056,37.61893521
은평구,대조동,통일로67길,미래하임,126.9257194,37.61404114
은평구,대조동,통일로67길,주주베에이,126.9261834,37.61355873
은평구,대조동,통일로67길,미소세상,126.9259936,37.6135828
은평구,대조동,통일로67길,정익제이원,126.9256843,37.61364186
은평구,대조동,통일로69길,중앙하이츠,126.9232847,37.61432941
은평구,대조동,통일로77길,해오름,126.9191005,37.61867121
은평구,대조동,통일로77길,유성아이비,126.9186202,37.61847897
은평구,응암동,응암로,더클래스,126.9147863,37.59502294
은평구,응암동,응암로,벧엘블레스빌,126.9162213,37.59827516
은평구,응암동,응암로,모아아파트,126.9176547,37.59946797
은평구,응암동,응암로,서강스카이빌2,126.918188,37.60076993
은평구,응암동,응암로,서강스카이빌,126.9194694,37.6025358
은평구,응암동,백련산로,녹번역센트레빌,126.9240613,37.60180078
은평구,응암동,은평로,해태드림타운,126.9148441,37.60190578
은평구,응암동,은평로,응암아네스트,126.9193453,37.60322221
은평구,응암동,은평로,경향렉스빌,126.9232846,37.60369943
은평구,응암동,은평로,삼영N-CITY,126.9237672,37.6038218
은평구,응암동,은평로,현대아트빌라,126.9259376,37.60380744
은평구,응암동,은평로,미래하임,126.9258576,37.60363031
은평구,응암동,가좌로7길,대호,126.9174538,37.58911106
은평구,응암동,불광천길,애필리움,126.9141275,37.60057556
은평구,응암동,불광천길,예승,126.9142598,37.60106768
은평구,응암동,은평로10길,삼성타운,126.9225562,37.60083569
은평구,응암동,은평로10길,삼성타운,126.9223984,37.60095095
은평구,응암동,은평로8길,신진뉴캐슬,126.9178304,37.60152094
은평구,응암동,응암로16길,모아아파트,126.9167113,37.5942217
은평구,응암동,응암로29길,대운브랜뉴,126.9159622,37.59930918
은평구,응암동,응암로29길,현대아트빌라,126.9153857,37.59848754
은평구,역촌동,연서로,리더스파크,126.9133391,37.60211457
은평구,역촌동,연서로,센타폴리스,126.9135593,37.60282482
은평구,역촌동,연서로,미래하임,126.9140225,37.60593904
은평구,역촌동,갈현로14길,현대아트빌라,126.9104357,37.60958906
은평구,역촌동,갈현로3나길,역촌센트레빌,126.9044965,37.60525725
은평구,역촌동,갈현로3나길,역촌센트레빌,126.9041613,37.60543784
은평구,역촌동,갈현로5길,더클래스,126.9078959,37.60479427
은평구,역촌동,갈현로7길,중앙하이츠,126.9072535,37.60701372
은평구,역촌동,역말로2길,현대아트빌라,126.9095851,37.60783616
은평구,역촌동,연서로10길,그린빌,126.9140035,37.61025541
은평구,역촌동,연서로3가길,한국리치빌,126.9120427,37.60616654
은평구,역촌동,연서로3길,유성아이비,126.9101397,37.60519865
은평구,역촌동,연서로4길,베로니스,126.9142242,37.60602806
은평구,역촌동,진흥로1길,더클래스,126.9176793,37.60612297
은평구,역촌동,진흥로1길,중앙하이츠,126.9172404,37.60633514
은평구,신사동,가좌로,명남더블레스,126.9093762,37.59713745
은평구,신사동,가좌로,미래하임,126.9056432,37.59963196
은평구,신사동,가좌로,미래하임,126.9053382,37.59976401
은평구,신사동,가좌로,현대아파트,126.9055766,37.60025402
은평구,신사동,은평터널로,이랜드 타운아파트,126.9020488,37.59309006
은평구,신사동,은평터널로,명남더블레스,126.9049723,37.59720081
은평구,신사동,은평터널로,명남더블레스,126.9048258,37.59725273
은평구,신사동,갈현로3길,유성아이비,126.9054004,37.60308696
은평구,신사동,갈현로3길,유성아이비,126.9051942,37.6031443
은평구,신사동,갈현로3길,유성아이비,126.9044855,37.60324914
은평구,신사동,은평로2길,월드빌,126.9096968,37.59941612
은평구,신사동,증산로15길,대주파크빌,126.9062355,37.59322417
은평구,신사동,증산로17길,미래하임,126.9093002,37.59308318
은평구,신사동,증산로23길,현대홈타운,126.9106042,37.60046456
은평구,신사동,증산로23길,현대홈타운,126.910381,37.60051679
은평구,증산동,증산로,디오반,126.9065901,37.58608156
은평구,증산동,증산로3길,DMC우방,126.9013812,37.58465115
은평구,증산동,증산서길,두산위브,126.9042239,37.58622893
서대문구,충정로3가,서소문로,충정리시온,126.9627319,37.56293616
서대문구,냉천동,독립문로14길,돈의문센트레빌,126.9601318,37.56927691
서대문구,천연동,독립문로8길,천연뜨란채,126.9566377,37.57089867
서대문구,옥천동,독립문로6길,현대타운,126.9582629,37.57218687
서대문구,북아현동,북아현로1길,신촌푸르지오,126.9507669,37.5635818
서대문구,북아현동,북아현로6길,삼우빌라,126.956223,37.56388086
서대문구,홍제동,통일로,홍제삼성래미안,126.949602,37.58126327
서대문구,홍제동,세무서2길,월드빌,126.94468,37.59134116
서대문구,홍제동,통일로37가길,삼우빌라,126.9427389,37.58920341
서대문구,홍제동,홍제원길,제니스,126.945899,37.5898313
서대문구,창천동,신촌로1길,현대하이츠,126.9263859,37.56251214
서대문구,창천동,신촌로7안길,그린빌,126.9296961,37.5618536
서대문구,연희동,증가로,현대하이츠,126.9268805,37.57469951
서대문구,연희동,홍제천로,연희파크푸르지오,126.9260307,37.57851493
서대문구,연희동,동교로,일진아이윌,126.925284,37.56752079
서대문구,연희동,연희로,신원아파트,126.9332209,37.58117303
서대문구,연희동,연희로14길,삼우빌라,126.9317031,37.57010984
서대문구,연희동,연희로35길,삼우빌라,126.9329792,37.58115114
서대문구,연희동,연희로5길,연희자이엘라,126.9257216,37.56685176
서대문구,홍은동,통일로,홍은동아더프라임,126.9384314,37.59826129
서대문구,홍은동,연희로,현대아파트,126.9357551,37.592631
서대문구,홍은동,명지길,월드빌,126.9246026,37.58584521
서대문구,홍은동,연희로37안길,나영힐빌리지,126.9331046,37.58594275
서대문구,홍은동,연희로41가길,강림스위트빌,126.930426,37.59530196
서대문구,홍은동,연희로41가길,강림스위트빌,126.9304253,37.59509713
서대문구,홍은동,증가로6길,그린빌,126.92555,37.58127331
서대문구,홍은동,포방터10길,극동아파트,126.949034,37.60496101
서대문구,북가좌동,수색로,DMC래미안e편한세상,126.9065396,37.57530857
서대문구,북가좌동,수색로8길,우공팰리스,126.9048828,37.57901805
서대문구,북가좌동,증가로12나길,월드빌,126.9186097,37.58394066
서대문구,북가좌동,증가로20길,베로니스,126.9166024,37.58426671
서대문구,북가좌동,증가로24다길,월드빌,126.9137829,37.58543139
서대문구,북가좌동,증가로32안길,아름채,126.9104591,37.58686109
서대문구,남가좌동,가재울로,현대아파트,126.9193248,37.57771483
서대문구,남가좌동,모래내로,창덕에버빌,126.9152208,37.57217951
서대문구,남가좌동,모래내로,디엠씨엘가,126.9158654,37.57264947
서대문구,남가좌동,모래내로15길,현대아파트,126.9173992,37.57687626
마포구,아현동,마포대로,삼환나띠르빌,126.9522094,37.55386425
마포구,아현동,마포대로,마포트라팰리스2차,126.9533688,37.55491568
마포구,아현동,마포대로,아현아이파크,126.9558221,37.55846906
마포구,아현동,굴레방로1길,애오개아이파크,126.9536358,37.55675404
마포구,아현동,환일8길,목화,126.9587012,37.55629413
마포구,아현동,환일8길,목화,126.9585407,37.55623351
마포구,공덕동,백범로,공덕파크자이,126.945299,37.54799946
마포구,신공덕동,백범로,펜트라우스,126.9511458,37.54596081
마포구,신공덕동,백범로,신공덕e편한세상,126.9543782,37.54435131
마포구,도화동,마포대로,마포아크로타워,126.9467718,37.54413165
마포구,도화동,도화4길,현대홈타운,126.9490847,37.54160262
마포구,도화동,새창로6나길,그린빌,126.9521325,37.54384796
마포구,도화동,새창로8길,현대홈타운,126.9510425,37.54064891
마포구,대흥동,백범로,동양엔파트,126.9384142,37.55077873
마포구,대흥동,대흥로,동양엔파트,126.9391011,37.55020331
마포구,대흥동,토정로31길,월드빌,126.941378,37.54609376
마포구,염리동,독막로42길,마포자이,126.944081,37.54655565
마포구,염리동,마포대로11가길,우공팰리스,126.9471625,37.55082719
마포구,염리동,마포대로11가길,우공팰리스,126.9471742,37.55057684
마포구,염리동,백범로25길,염리삼성래미안,126.9454152,37.55246724
마포구,염리동,숭문길,염리삼성래미안,126.9435279,37.55176161
마포구,염리동,숭문길,마포자이3차,126.9444444,37.55342023
마포구,노고산동,신촌로,신촌포스빌,126.9400747,37.55907003
마포구,신수동,백범로,하나테크노빌,126.9378679,37.55129007
마포구,신수동,신수로,마포경남아너스빌,126.9323615,37.55179254
마포구,신수동,독막로28길,성원아파트,126.9349934,37.54964953
마포구,신수동,창전로2길,경남아너스빌,126.9314264,37.55241077
마포구,현석동,신수로,강변힐스테이트,126.9318887,37.54574133
마포구,창전동,서강로,창전동현대홈타운,126.9299678,37.55338525
마포구,창전동,창전로,창전 쌍용스윗닷홈,126.9302435,37.55075747
마포구,창전동,토정로,해모로아파트,126.9271384,37.54870207
마포구,창전동,와우산로30길,중앙하이츠,126.9254424,37.55259064
마포구,상수동,토정로,대림,126.9213873,37.54787261
마포구,상수동,와우산로10길,그린빌,126.9211611,37.55100997
마포구,하중동,토정로,한강밤섬자이,126.9263275,37.54823504
마포구,당인동,어울마당로,현대타운,126.9167904,37.54831384
마포구,당인동,어울마당로,현대타운,126.9168141,37.54845624
마포구,당인동,어울마당로,현대타운,126.9168963,37.54862213
마포구,당인동,어울마당로,현대타운,126.916983,37.54875177
마포구,당인동,어울마당로,현대타운,126.9171364,37.54893824
마포구,당인동,어울마당로,현대타운,126.9172639,37.54921119
마포구,당인동,어울마당로,현대타운,126.9173118,37.54934286
마포구,당인동,어울마당로,현대타운,126.9173202,37.549461
마포구,당인동,어울마당로,현대타운,126.9174287,37.5496542
마포구,당인동,어울마당로,현대타운,126.9175773,37.54984568
마포구,당인동,어울마당로,현대타운,126.9176389,37.5499815
마포구,당인동,독막로12길,현대타운,126.9175596,37.5495776
마포구,당인동,독막로12길,현대타운,126.9175071,37.54940045
마포구,당인동,독막로12길,현대타운,126.9175163,37.54927239
마포구,당인동,독막로12길,현대타운,126.9174503,37.54914909
마포구,당인동,독막로12길,현대타운,126.9172899,37.5488546
마포구,당인동,독막로12길,현대타운,126.9171832,37.54871329
마포구,당인동,독막로12길,현대타운,126.9170947,37.54859236
마포구,당인동,독막로12길,현대타운,126.9169776,37.54842593
마포구,당인동,독막로12길,현대타운,126.916835,37.54829946
마포구,당인동,어울마당로2길,현대타운,126.9172249,37.54905918
마포구,서교동,동교로,현대하이츠,126.9168197,37.55882886
마포구,서교동,양화로,메세나폴리스,126.9115056,37.55258629
마포구,서교동,홍익로,서교푸르지오,126.921464,37.55646445
마포구,서교동,성미산로2길,현대타운,126.9085597,37.55947235
마포구,합정동,양화로,KCC엠파이어리버,126.9099373,37.55122909
마포구,합정동,포은로,합정한강아파트,126.9056554,37.55352426
마포구,합정동,양화로1길,현대아트빌라,126.9079252,37.55355998
마포구,합정동,양화로1길,현대아트빌라,126.9078367,37.55374557
마포구,합정동,월드컵로1길,마포 한강 푸르지오,126.9100289,37.55246121
마포구,합정동,포은로2가길,그린빌,126.9072093,37.55296477
마포구,합정동,희우정로1길,백운아파트,126.9046174,37.55196202
마포구,망원동,망원로,월드빌,126.9041263,37.55999781
마포구,망원동,망원로2길,해오름,126.8983931,37.5586853
마포구,망원동,망원로4길,현대타운,126.9006329,37.55907762
마포구,망원동,망원로6길,현대타운,126.9009374,37.55933564
마포구,망원동,망원로6길,현대타운,126.9007951,37.55931104
마포구,망원동,망원로6길,현대타운,126.9009751,37.55920096
마포구,망원동,망원로6길,현대타운,126.9008319,37.55917931
마포구,망원동,망원로6길,현대타운,126.9010167,37.55902615
마포구,망원동,망원로6길,현대타운,126.9008465,37.55898927
마포구,망원동,망원로6길,현대타운,126.9010615,37.55890963
마포구,망원동,망원로6길,현대타운,126.9008864,37.55887147
마포구,망원동,방울내로11길,동보프리미아,126.8943132,37.56262626
마포구,망원동,방울내로7길,미래하임,126.9001421,37.56346673
마포구,망원동,월드컵로23길,삼우빌라,126.9052104,37.55912848
마포구,망원동,월드컵로25길,성원아파트,126.8986377,37.55964986
마포구,망원동,희우정로15길,현대타운,126.8994274,37.55672361
마포구,망원동,희우정로20길,현대타운,126.9007768,37.55875608
마포구,망원동,희우정로20길,현대타운,126.9007352,37.55887134
마포구,망원동,희우정로20길,현대타운,126.9009263,37.55876241
마포구,망원동,희우정로20길,현대타운,126.9010939,37.55879418
마포구,연남동,성미산로,미래하임,126.917992,37.56483404
마포구,연남동,성미산로32길,해오름,126.9219272,37.56640233
마포구,연남동,연남로1길,현대하이츠,126.9170874,37.56131496
마포구,연남동,월드컵북로16길,미래하임,126.9159324,37.56603293
마포구,성산동,성미산로3나길,미래하임,126.9072198,37.56277085
마포구,성산동,성산로4길,미래하임,126.9082784,37.56610426
마포구,성산동,성산로6길,미래하임,126.9094065,37.56615073
마포구,성산동,성산로6길,미래하임,126.9086659,37.5659237
마포구,성산동,성산로8길,더클래스,126.910256,37.5662427
마포구,성산동,월드컵로30다길,엘지아파트,126.9060164,37.56511906
마포구,성산동,월드컵로30다길,엘지아파트,126.9058575,37.5652076
마포구,성산동,월드컵북로11길,휴먼빌,126.9127108,37.56348827
마포구,중동,성암로,현대아파트,126.9047574,37.5743677
마포구,중동,월드컵북로26길,해오름,126.9094364,37.57058403
마포구,중동,월드컵북로38가길,중동계룡아파트,126.9030763,37.57350003
마포구,중동,월드컵북로38가길,중동계룡아파트,126.9032305,37.57360728
마포구,중동,월드컵북로38나길,현대아파트,126.9040717,37.57458889
마포구,상암동,월드컵북로,상암월드컵파크9단지,126.8767874,37.58726106
마포구,상암동,월드컵북로,상암월드컵파크12단지,126.8775319,37.58843034
마포구,상암동,월드컵북로,상암월드컵파크10단지,126.8803227,37.58967466
마포구,상암동,상암산로1길,상암월드컵파크7단지,126.8790028,37.58412186
마포구,상암동,월드컵북로45길,베로니스,126.8926277,37.57733282
양천구,신정동,목동남로,삼우빌라,126.8647356,37.51232091
양천구,신정동,목동남로,삼우빌라,126.8648755,37.51222489
양천구,신정동,신목로,현대아파트,126.8723676,37.52036481
양천구,신정동,목동동로10길,경남아너스빌,126.8695648,37.52136391
양천구,신정동,목동로13길,현대타운,126.8616015,37.52640934
양천구,신정동,목동로23길,두성,126.8607071,37.53010163
양천구,신정동,신목로5길,그린빌,126.871313,37.51983009
양천구,신정동,신목로5길,그린빌,126.8714408,37.51971333
양천구,신정동,신목로5길,그린빌,126.8716331,37.5198386
양천구,신정동,신목로5길,그린빌,126.8715403,37.51996011
양천구,신정동,중앙로29길,신일해피트리,126.8464163,37.51983868
양천구,목동,목동동로,현대아파트,126.8693071,37.52641309
양천구,목동,목동중앙남로,성원아파트,126.8617673,37.54472633
양천구,목동,목동중앙남로16나길,월드메르디앙,126.8630118,37.5468026
양천구,목동,목동중앙본로22길,현대홈타운,126.8688108,37.54482862
양천구,목동,목동중앙본로27길,휴먼빌,126.8670054,37.54707927
양천구,목동,목동중앙본로32길,월드빌,126.871305,37.54810642
양천구,목동,목동중앙북로14길,베로니스,126.8711327,37.54656404
양천구,목동,목동중앙북로18길,리베하임,126.8730149,37.54827198
양천구,목동,목동중앙북로6길,휴먼빌,126.8624199,37.54943794
양천구,목동,목동중앙북로8길,휴먼빌,126.8629687,37.54772715
양천구,신월동,월정로,우성,126.8327986,37.5378256
양천구,신월동,남부순환로60길,그린빌,126.8272757,37.53341429
양천구,신월동,남부순환로85길,대주파크빌,126.8402559,37.51754791
양천구,신월동,신월로11길,한양,126.838521,37.52101024
양천구,신월동,월정로11길,그린빌,126.8362488,37.52821596
양천구,신월동,월정로11길,그린빌,126.8360931,37.52819409
양천구,신월동,지양로13길,우정아파트,126.8277277,37.5248573
양천구,신월동,지양로15길,우정아파트,126.8271407,37.52517574
강서구,염창동,공항대로,월드빌,126.8750147,37.55039914
강서구,염창동,양천로69길,극동아파트,126.868654,37.5559712
강서구,염창동,양천로71가길,일신건영휴먼빌아파트,126.8713407,37.5553322
강서구,등촌동,공항대로49길,해오름,126.8547167,37.55790396
강서구,등촌동,공항대로58나길,그린빌,126.8588251,37.5539089
강서구,등촌동,공항대로58나길,그린빌,126.8572606,37.55385571
강서구,등촌동,공항대로58다길,현대하이츠,126.8590166,37.55362174
강서구,등촌동,공항대로59다길,그린빌,126.8620727,37.55610843
강서구,등촌동,공항대로59다길,그린빌,126.8622904,37.55599926
강서구,등촌동,등촌로39바길,현대하이츠,126.8583015,37.54962755
강서구,화곡동,화곡로,우성,126.8423403,37.55020468
강서구,화곡동,강서로,월드빌,126.8382581,37.54356215
강서구,화곡동,초록마을로,삼우빌라,126.8464122,37.54538722
강서구,화곡동,가로공원로76가길,우성,126.8407003,37.53805895
강서구,화곡동,가로공원로80길,우성,126.8365024,37.53987466
강서구,화곡동,가로공원로84길,그린빌,126.838667,37.53879628
강서구,화곡동,강서로15길,우성,126.8408831,37.53486867
강서구,화곡동,강서로17라길,우성,126.8374609,37.53549923
강서구,화곡동,강서로18길,현대아트빌라,126.8484469,37.53681197
강서구,화곡동,강서로18마길,현대하이츠,126.8468517,37.53806022
강서구,화곡동,강서로27길,현대아트빌라,126.8388754,37.54197134
강서구,화곡동,강서로5라길,삼익아파트,126.8493426,37.53227023
강서구,화곡동,강서로7길,해태드림타운,126.8440117,37.53235847
강서구,화곡동,강서로7길,우공팰리스,126.8409947,37.53207372
강서구,화곡동,강서로7길,현대홈타운,126.8390175,37.53178514
강서구,화곡동,강서로8길,위더스빌,126.8461955,37.53261648
강서구,화곡동,곰달래로35길,스카이캐슬,126.8519305,37.53833236
강서구,화곡동,국회대로7길,태승훼미리아파트,126.8491568,37.53162988
강서구,화곡동,국회대로7길,태승훼미리아파트,126.8490044,37.53159966
강서구,화곡동,까치산로14가길,현대홈타운,126.8466722,37.54790912
강서구,화곡동,까치산로18길,휴먼빌,126.8475688,37.55043629
강서구,화곡동,까치산로18길,현대아트빌라,126.8487276,37.54995497
강서구,화곡동,까치산로28길,서울가든,126.8529454,37.55616564
강서구,화곡동,까치산로4나길,우성,126.8418391,37.54450087
강서구,화곡동,등촌로13마길,우성,126.8575235,37.54055489
강서구,화곡동,등촌로13마길,예성그린캐슬,126.8578213,37.54067893
강서구,화곡동,등촌로13마길,예성그린캐슬,126.8576808,37.5408134
강서구,화곡동,월정로18길,효성아파트,126.8385984,37.53203129
강서구,화곡동,월정로30가길,우성,126.8346782,37.53732837
강서구,화곡동,초록마을로32길,혜성,126.8449385,37.54079661
강서구,화곡동,초록마을로34길,우성,126.8431682,37.54082911
강서구,화곡동,화곡로24길,중앙하이츠,126.8371346,37.54134737
강서구,화곡동,화곡로31다길,우공팰리스,126.83635,37.54724491
강서구,화곡동,화곡로42가길,신원아파트,126.843645,37.54872422
강서구,화곡동,화곡로42가길,신원아파트,126.8435133,37.54864258
강서구,화곡동,화곡로44길,현대홈타운,126.8453327,37.55053656
강서구,가양동,강서로,일신건영휴먼빌아파트,126.8394438,37.57179384
강서구,내발산동,강서로45길,태승훼미리아파트,126.8329821,37.55095381
강서구,내발산동,강서로46길,길성그랑프리텔아파트,126.8375599,37.55494895
강서구,내발산동,강서로47마길,현대타운,126.8291371,37.55442507
강서구,공항동,공항대로8길,그린빌,126.8102008,37.56086275
강서구,공항동,방화대로7가길,현대홈타운,126.813563,37.56070172
강서구,방화동,방화대로,길성그랑프리텔아파트,126.8141988,37.57212522
강서구,방화동,방화대로40길,태승훼미리아파트,126.8181645,37.57425624
강서구,방화동,양천로24길,우림루미아트,126.813188,37.57451994
강서구,방화동,양천로26길,경남아너스빌,126.8166953,37.57522412
구로구,신도림동,신도림로19길,현대아파트,126.8819366,37.51440746
구로구,구로동,디지털로,현대아파트,126.8948564,37.48973349
구로구,구로동,구일로,우방아파트,126.8724221,37.50009155
구로구,구로동,구로중앙로28다길,효성아파트,126.8864835,37.50424147
구로구,구로동,구로중앙로7길,극동아파트,126.8883209,37.49348469
구로구,구로동,구로중앙로8길,경남아너스빌,126.8909942,37.49637212
구로구,구로동,구일로10길,현대아파트,126.8725562,37.49834971
구로구,구로동,구일로8길,해오름,126.8748578,37.50141655
구로구,구로동,시흥대로161길,현대타운,126.8952645,37.48247494
구로구,가리봉동,남부순환로,효성아파트,126.8930304,37.48149001
구로구,고척동,경인로35길,현대아트빌라,126.8504834,37.50326362
구로구,고척동,경인로47가길,해오름,126.8633236,37.50433283
구로구,고척동,경인로47가길,성원아파트,126.8633195,37.50453729
구로구,고척동,중앙로15길,삼익2차아파트,126.8509236,37.51052745
구로구,고척동,중앙로6길,청구아파트,126.8622168,37.50399248
구로구,개봉동,개봉로11길,해오름,126.8530441,37.48998942
구로구,개봉동,개봉로11길,해오름,126.8505492,37.48971683
구로구,개봉동,개봉로11길,해오름,126.8496257,37.49024072
구로구,개봉동,개봉로11길,해오름,126.8496238,37.49013334
구로구,개봉동,개봉로1가길,해오름,126.8514015,37.48843529
구로구,개봉동,개봉로3가길,해오름,126.8509031,37.48769221
구로구,개봉동,개봉로3가길,해오름,126.8515274,37.48701936
구로구,개봉동,고척로21나길,현대아트빌라,126.839586,37.50585078
구로구,오류동,경인로,동부아파트,126.8461674,37.49990548
구로구,오류동,경인로,동부아파트,126.8460042,37.49986841
구로구,오류동,오류로,현대타운,126.8388141,37.49244225
구로구,오류동,오류로,경남아너스빌,126.8381662,37.49322234
구로구,오류동,고척로16길,월드빌,126.841701,37.50071518
금천구,가산동,벚꽃로42길,휴먼빌,126.8813331,37.48529457
금천구,가산동,시흥대로153길,대동아파트,126.8919754,37.47956283
금천구,독산동,독산로,해오름,126.8999553,37.46953946
금천구,독산동,독산로58길,파크힐,126.9018206,37.46699624
금천구,독산동,독산로58나길,금호타운,126.9038415,37.46715723
금천구,독산동,독산로60길,금호타운,126.9027504,37.46805611
금천구,독산동,독산로62길,금호타운,126.9039611,37.46908048
금천구,독산동,독산로70길,월드빌,126.9049052,37.47051521
금천구,독산동,독산로80가길,해오름,126.9035214,37.47342058
금천구,독산동,독산로80길,월드빌,126.9029337,37.4730998
금천구,독산동,범안로12길,백운아파트,126.890613,37.4674532
금천구,독산동,시흥대로101길,예향,126.8934398,37.46701788
금천구,독산동,시흥대로82길,금호타운,126.8984585,37.46229681
금천구,시흥동,금하로23라길,현대아파트,126.9086362,37.45638626
금천구,시흥동,금하로5길,센트로힐,126.8959568,37.45699912
금천구,시흥동,독산로29길,금호타운,126.9007173,37.4586525
금천구,시흥동,독산로43가길,중앙하이츠,126.9009303,37.4628327
금천구,시흥동,독산로43가길,중앙하이츠,126.9007907,37.46268913
금천구,시흥동,독산로50길,현대하이츠,126.9087315,37.46500931
금천구,시흥동,독산로50나길,현대하이츠,126.9087425,37.46523582
금천구,시흥동,독산로50마길,해오름,126.9102553,37.46327647
금천구,시흥동,시흥대로28길,백운아파트,126.9043854,37.44512981
금천구,시흥동,시흥대로36길,금호타운,126.9028149,37.44652685
금천구,시흥동,시흥대로36길,그린빌,126.9049727,37.44541946
금천구,시흥동,시흥대로80길,중앙하이츠,126.8982027,37.46155455
금천구,시흥동,탑골로2길,금광포란재아파트,126.9095811,37.45385699
영등포구,영등포동,신길로60나길,두산위브,126.9107626,37.51728285
영등포구,영등포동6가,영신로40길,현대하이츠,126.9000943,37.52422441
영등포구,영등포동7가,양산로,경남아너스빌,126.9006753,37.52590626
영등포구,여의도동,국제금융로,삼익아파트,126.9319511,37.52167927
영등포구,당산동3가,국회대로,삼익아파트,126.8934857,37.5310118
영등포구,당산동3가,영신로,동부센트레빌,126.8999127,37.52753957
영등포구,당산동3가,당산로31길,현대하이츠,126.8929716,37.52997429
영등포구,당산동4가,국회대로29길,현대아파트,126.8943746,37.5314882
영등포구,당산동4가,당산로40길,아름채,126.8969686,37.53228647
영등포구,당산동5가,양평로,성원아파트,126.8979615,37.53737167
영등포구,도림동,도림로,동아에코빌,126.896793,37.51227958
영등포구,도림동,영신로9다길,그린빌,126.9055323,37.51440475
영등포구,문래동6가,문래로4길,현대아파트,126.8814068,37.52295745
영등포구,양평동3가,선유동2로,현대아파트,126.8932825,37.5339923
영등포구,양평동3가,선유로33길,경남아너스빌,126.8863413,37.52974494
영등포구,양평동4가,양평로17길,경남아너스빌,126.8937643,37.53856156
영등포구,양평동4가,양평로17길,성원아파트,126.8920977,37.53663811
영등포구,양평동6가,양평로28나길,리베하임,126.8884522,37.54388402
영등포구,신길동,도신로62길,월드빌,126.9168657,37.51237377
영등포구,신길동,신길로39길,그린빌,126.9047544,37.51004984
영등포구,신길동,신길로42라길,그린빌,126.9115656,37.51052402
영등포구,신길동,영등포로60길,파라다이스빌,126.9137546,37.51960586
영등포구,대림동,도신로,성원아파트,126.894615,37.50715933
영등포구,대림동,대림로,성원아파트,126.8944372,37.50605316
영등포구,대림동,가마산로48길,휴먼빌,126.898232,37.50493002
영등포구,대림동,디지털로38길,그린빌,126.897994,37.49140202
영등포구,대림동,디지털로64길,성원아파트,126.9033192,37.4953554
동작구,노량진동,만양로14아길,현대하이츠,126.9455223,37.51487643
동작구,노량진동,장승배기로13길,에덴,126.935917,37.51035317
동작구,노량진동,장승배기로28길,삼성,126.9386973,37.51485078
동작구,상도동,매봉로4가길,대동아파트,126.9512874,37.51062601
동작구,상도동,사당로2가길,현대아파트,126.9593255,37.49595563
동작구,상도동,상도로38길,한솔,126.9467367,37.5028588
동작구,상도동,성대로6가길,태양아파트,126.9331684,37.49847153
동작구,상도동,성대로6다길,휴먼빌,126.9300866,37.50005278
동작구,상도동,양녕로20길,서울맨션,126.9422101,37.49853171
동작구,상도동,양녕로22나길,월드빌,126.9426172,37.49819719
동작구,상도동,양녕로22바길,현대하이츠,126.9449722,37.49910949
동작구,상도동,양녕로22바길,현대하이츠,126.9450576,37.49926684
동작구,상도동,양녕로22바길,현대하이츠,126.9451979,37.4994226
동작구,상도동,양녕로22바길,현대하이츠,126.945155,37.49966909
동작구,상도동,양녕로22바길,현대하이츠,126.945159,37.49980695
동작구,상도동,양녕로22바길,현대하이츠,126.9451568,37.49995128
동작구,상도동,양녕로22바길,현대하이츠,126.9451608,37.50009562
동작구,상도동,양녕로22바길,현대하이츠,126.9451668,37.50023348
동작구,상도동,양녕로23길,경향렉스빌,126.9398378,37.49826777
동작구,상도동,양녕로26나길,삼익아파트,126.9423393,37.50013613
동작구,본동,매봉로,극동아파트,126.9493033,37.514113
동작구,본동,매봉로,극동아파트,126.9493439,37.51418322
동작구,흑석동,흑석로3길,중앙하이츠,126.9537375,37.51033755
동작구,사당동,남부순환로257길,위더스빌,126.9699428,37.48114446
동작구,사당동,남부순환로265길,건영,126.9724312,37.4798172
동작구,사당동,남부순환로269길,그린빌,126.9727008,37.48246286
동작구,사당동,동작대로29길,극동아파트,126.9735212,37.49360489
동작구,사당동,사당로16다길,해오름,126.9663737,37.48733669
동작구,사당동,사당로16마길,삼일,126.9680048,37.48499334
동작구,사당동,사당로29라길,현대아트빌라,126.9757702,37.48900881
동작구,사당동,사당로29라길,현대아트빌라,126.97564,37.48908594
동작구,사당동,사당로2가길,삼우빌라,126.9619332,37.49120314
동작구,사당동,사당로2길,반석블레스,126.9632721,37.49226964
동작구,사당동,사당로2아길,해오름,126.9616603,37.49261995
동작구,대방동,대방동1길,금호타운,126.9224017,37.50302157
동작구,대방동,대방동1길,금호타운,126.9222606,37.50302751
동작구,대방동,대방동7길,제니스,126.9222428,37.50399117
동작구,대방동,대방동길,더클래스,126.9225351,37.50796552
동작구,대방동,여의대방로26길,현대아파트,126.920712,37.50212381
동작구,대방동,여의대방로44길,성원아파트,126.9231252,37.51167629
동작구,대방동,여의대방로62길,우정아파트,126.9271611,37.51675205
동작구,대방동,여의대방로62길,효성아파트,126.9268807,37.51669576
동작구,신대방동,여의대방로,현대아파트,126.9091023,37.49715893
동작구,신대방동,국사봉2길,대운,126.9266042,37.50082714
동작구,신대방동,신대방1길,한우리,126.907441,37.48924778
관악구,봉천동,봉천로,그린빌,126.938355,37.48712665
관악구,봉천동,관악로,현대아파트,126.9553149,37.49403787
관악구,봉천동,관악로12길,에덴,126.9518408,37.48042237
관악구,봉천동,관악로12길,그린빌,126.9546159,37.47988453
관악구,봉천동,관악로40길,현대아파트,126.9575521,37.49490552
관악구,봉천동,관악로6길,현대아트빌라,126.95166,37.47802565
관악구,봉천동,관악로6길,현대아트빌라,126.9515228,37.47807193
관악구,봉천동,국회단지12길,해오름,126.940851,37.49141704
관악구,봉천동,국회단지7길,금호타운,126.9379044,37.49094466
관악구,봉천동,낙성대역3길,스카이캐슬,126.9605798,37.47845208
관악구,봉천동,남부순환로237길,현대하이츠,126.9600461,37.48442216
관악구,봉천동,남부순환로247나길,그린빌,126.9627419,37.48062348
관악구,봉천동,남부순환로251길,그린빌,126.9673776,37.47845793
관악구,봉천동,당곡2길,휴먼빌,126.9317425,37.49542378
관악구,봉천동,봉천로29길,아름채,126.9399796,37.48804047
관악구,봉천동,쑥고개로22길,제니스,126.9462371,37.480803
관악구,봉천동,양녕로5길,현대하이츠,126.9423185,37.48800467
관악구,봉천동,양녕로6다길,월드빌,126.9493016,37.48697419
관악구,봉천동,은천로1길,그린빌,126.9342507,37.48941641
관악구,봉천동,은천로35가길,에덴,126.9508501,37.4894946
관악구,봉천동,인헌12나길,현대아트빌라,126.9646187,37.47311126
관악구,봉천동,인헌12다길,현대하이츠,126.9636999,37.47381203
관악구,봉천동,인헌12다길,현대아트빌라,126.9636597,37.47345804
관악구,봉천동,인헌16길,현대그린,126.9649001,37.47268
관악구,봉천동,인헌16길,현대아트빌라,126.964427,37.47300281
관악구,봉천동,인헌1길,현대하이츠,126.9660295,37.47709566
관악구,봉천동,인헌23길,월드빌,126.9679194,37.4726934
관악구,봉천동,인헌7길,그린빌,126.9655484,37.47603097
관악구,봉천동,청룡12길,현대타운,126.9427965,37.48021261
관악구,봉천동,행운1라길,현대아트빌라,126.9548505,37.48581547
관악구,봉천동,행운2길,해오름,126.9580048,37.48232994
관악구,신림동,조원중앙로,현대아파트,126.9063941,37.48723452
관악구,신림동,관천로10길,성우,126.9237073,37.48768172
관악구,신림동,관천로15길,성우,126.9192749,37.4895213
관악구,신림동,관천로16길,그린빌,126.9225735,37.49015523
관악구,신림동,관천로23길,중앙하이츠,126.9182637,37.49112061
관악구,신림동,관천로27길,우방아파트,126.9171997,37.49182758
관악구,신림동,난곡로26마길,데시앙,126.9225062,37.47095075
관악구,신림동,난곡로30길,아름채,126.9193086,37.47409889
관악구,신림동,난곡로35길,건영2차아파트,126.915544,37.47461626
관악구,신림동,난곡로47길,미성,126.9120454,37.47919141
관악구,신림동,난곡로57길,성우,126.9123424,37.48283513
관악구,신림동,남부순환로144길,청화,126.9109368,37.48199041
관악구,신림동,남부순환로151길,월드빌,126.912891,37.48673483
관악구,신림동,남부순환로180길,해오름,126.9288159,37.48636508
관악구,신림동,남부순환로180길,휴먼빌,126.9286471,37.48609373
관악구,신림동,남부순환로190가길,아름채,126.9317526,37.48471328
관악구,신림동,대학20길,현대아파트,126.9351641,37.4675137
관악구,신림동,대학길,신성,126.9355717,37.47064659
관악구,신림동,문성로26길,해오름,126.9237606,37.48099827
관악구,신림동,문성로29길,그린빌,126.925437,37.48275849
관악구,신림동,미성길,태양아파트,126.9117369,37.47706685
관악구,신림동,법원단지28길,휴먼빌,126.9222754,37.47772473
관악구,신림동,법원단지28길,휴먼빌,126.9224106,37.47755762
관악구,신림동,법원단지30길,미성,126.9231509,37.47732594
관악구,신림동,법원단지길,휴먼빌,126.9215383,37.47854516
관악구,신림동,복은7길,해오름,126.9384003,37.47807146
관악구,신림동,서림5길,대원,126.9381078,37.47625105
관악구,신림동,서림6길,현대타운,126.9355949,37.47513087
관악구,신림동,서림6길,현대타운,126.9356595,37.47518897
관악구,신림동,서림6길,현대타운,126.935504,37.47519459
관악구,신림동,서림6길,현대타운,126.9355537,37.47526886
관악구,신림동,서림6길,현대타운,126.935422,37.47525832
관악구,신림동,서림6길,현대타운,126.9354907,37.4753001
관악구,신림동,서림6길,현대타운,126.9354395,37.47542327
관악구,신림동,서림6길,현대타운,126.9353683,37.47537221
관악구,신림동,서림6길,현대타운,126.9352866,37.47526958
관악구,신림동,신림로43길,현대아트빌라,126.9313521,37.47898252
관악구,신림동,신림로48길,현대아트빌라,126.932414,37.48203228
관악구,신림동,신림로50길,월드빌,126.9295779,37.48277825
관악구,신림동,신림로54가길,해오름,126.9297704,37.48333043
관악구,신림동,신림로58가길,해오름,126.9300338,37.48422244
관악구,신림동,신림로68길,현대,126.928909,37.48940183
관악구,신림동,신림로70길,제니스,126.9288304,37.49017154
관악구,신림동,신사로12길,그린빌,126.914142,37.49046774
관악구,신림동,신사로20길,아름채,126.9154927,37.49079277
관악구,신림동,쑥고개로3길,해오름,126.9367795,37.4807164
관악구,신림동,조원로13길,현대아파트,126.907115,37.48714502
관악구,신림동,조원로20길,중앙하이츠,126.91124,37.48650223
관악구,신림동,조원로2길,성우,126.899436,37.48459909
관악구,신림동,호암로18가길,삼우빌라,126.930069,37.46704649
관악구,신림동,호암로18길,삼성타운,126.9308774,37.46836913
관악구,남현동,남부순환로262길,삼성타운,126.9721694,37.47838447
서초구,방배동,명달로,삼환나띠르빌,127.003239,37.48325693
서초구,방배동,도구로1길,래디앙,126.9847315,37.48082758
서초구,방배동,방배천로2안길,그린빌,126.9815931,37.48265743
서초구,방배동,방배로25길,서원,126.987628,37.49044709
서초구,방배동,방배천로16길,현대아트빌라,126.9816456,37.48518763
서초구,방배동,청두곶15길,래디앙,126.9830686,37.48464748
서초구,방배동,효령로14가길,현대아트빌라,126.9884881,37.48141401
서초구,방배동,효령로14마길,현대타운,126.9891706,37.48030896
서초구,방배동,효령로14마길,현대타운,126.9892365,37.48034199
서초구,방배동,효령로2길,리베하임,126.9911741,37.47712823
서초구,방배동,효령로34길,삼익아파트,126.9986216,37.48201364
서초구,방배동,효령로34길,삼익아파트,126.9990685,37.48115299
서초구,양재동,강남대로12길,현대아트빌라,127.037933,37.47233624
서초구,양재동,강남대로6길,현대아트빌라,127.0416782,37.46994796
서초구,양재동,강남대로8길,해오름,127.0404558,37.47188478
서초구,양재동,남부순환로356길,현대타운,127.0373486,37.48328058
서초구,양재동,남부순환로356길,현대타운,127.0375264,37.48308055
서초구,양재동,논현로31길,현대아트빌라,127.0393665,37.48454019
서초구,양재동,논현로31길,현대아트빌라,127.0393192,37.48466697
서초구,양재동,논현로5길,홍일,127.0473218,37.47396967
서초구,양재동,동산로6길,현대아파트,127.0419006,37.47295834
서초구,양재동,바우뫼로39길,아름채,127.0371201,37.48540097
서초구,양재동,바우뫼로39길,현대아트빌라,127.0370074,37.48586179
서초구,양재동,바우뫼로41길,현대아트빌라,127.0384069,37.48629102
서초구,양재동,언남16길,현대아트빌라,127.0442753,37.47599486
서초구,잠원동,강남대로97길,월드빌,127.0151536,37.51613006
서초구,반포동,동광로,현대아트빌라,126.9954577,37.49786182
서초구,반포동,동광로39길,해오름,126.9973763,37.49912311
서초구,반포동,주흥15길,리베하임,127.0160471,37.51182701
서초구,반포동,주흥15길,월드빌,127.0152178,37.51099888
서초구,서초동,사임당로,현대아트빌라,127.0166592,37.49165013
서초구,서초동,남부순환로315길,해오름,127.0060052,37.48292382
서초구,서초동,반포대로10길,경남아너스빌,127.0119909,37.48662503
서초구,서초동,반포대로19길,화신,127.0066228,37.48966372
서초구,서초동,효령로67길,경남아너스빌,127.0212391,37.49133486
서초구,서초동,효령로67길,경남아너스빌,127.0211242,37.49153917
서초구,서초동,효령로68길,현대아파트,127.021635,37.48924529
서초구,서초동,효령로72길,현대아파트,127.0237356,37.48994107
강남구,역삼동,선릉로,동부센트레빌,127.0468831,37.50520141
강남구,역삼동,언주로90길,우림루미아트1,127.041549,37.50500343
강남구,역삼동,역삼로23길,현대하이츠,127.0358295,37.49879441
강남구,역삼동,역삼로23길,현대하이츠,127.0357671,37.49893034
강남구,역삼동,역삼로34길,현대하이츠,127.0401306,37.49912589
강남구,개포동,개포로25길,그린빌,127.0452911,37.48314053
강남구,청담동,선릉로,현대아파트,127.0378332,37.52397623
강남구,청담동,삼성로149길,그린빌,127.0451266,37.52584925
강남구,삼성동,학동로64길,현대아파트,127.0430278,37.51960075
강남구,대치동,선릉로,동부센트레빌,127.0531431,37.49450814
강남구,대치동,삼성로51길,현대타운,127.058774,37.4998872
강남구,대치동,삼성로51길,현대타운,127.0586173,37.49999163
강남구,대치동,삼성로51길,현대타운,127.0585565,37.50009735
강남구,대치동,삼성로51길,현대타운,127.0584876,37.50021392
강남구,대치동,삼성로64길,효성아파트,127.0592168,37.50269246
강남구,대치동,삼성로71길,그린빌,127.0558782,37.50461469
강남구,대치동,영동대로57길,현대아파트,127.0630229,37.5024166
강남구,논현동,봉은사로37길,그린빌,127.0324174,37.51372723
강남구,논현동,봉은사로43길,그린빌,127.037025,37.51546376
강남구,논현동,선릉로119길,그린빌,127.0376311,37.51570257
강남구,논현동,선릉로119길,그린빌,127.0374649,37.51566539
강남구,논현동,언주로116길,동부센트레빌,127.0352444,37.51344077
강남구,압구정동,압구정로,현대아파트,127.0240255,37.52903867
강남구,압구정동,압구정로,현대아파트,127.0331638,37.53209158
강남구,압구정동,압구정로29길,현대아파트,127.0256914,37.53170153
강남구,압구정동,압구정로29길,현대아파트,127.0250827,37.53386707
강남구,압구정동,압구정로29길,현대아파트,127.0248587,37.53501781
강남구,압구정동,압구정로33길,현대아파트,127.0277198,37.53484783
강남구,수서동,광평로51길,삼익아파트,127.0994091,37.49220862
강남구,도곡동,논현로,삼익아파트,127.0392597,37.49447032
강남구,도곡동,남부순환로373길,월드메르디앙,127.041695,37.48968978
강남구,도곡동,남부순환로373길,월드메르디앙,127.0414813,37.48988396
강남구,도곡동,남부순환로377길,힐데스하임,127.0427822,37.49059961
강남구,도곡동,도곡로14길,파크힐,127.0348482,37.49266442
강남구,도곡동,도곡로18길,현대아파트,127.0361302,37.49171047
강남구,도곡동,도곡로18길,현대아파트,127.0363213,37.49175752
송파구,잠실동,백제고분로12길,월드빌,127.0775783,37.50858835
송파구,잠실동,백제고분로12길,월드빌,127.078629,37.50696695
송파구,잠실동,백제고분로18길,현대아파트,127.0826553,37.50719579
송파구,잠실동,백제고분로18길,월드빌,127.0812693,37.50742805
송파구,잠실동,백제고분로19길,현대타운,127.0856735,37.50959104
송파구,잠실동,올림픽로10길,그린빌,127.0794536,37.51098176
송파구,잠실동,올림픽로12길,리베하임,127.0807449,37.50955888
송파구,풍납동,한가람로,현대아파트,127.1094754,37.53707176
송파구,풍납동,한가람로,현대아파트,127.1096218,37.53736029
송파구,풍납동,강동대로9길,극동아파트,127.1140095,37.52988463
송파구,풍납동,올림픽로45길,극동아파트,127.114666,37.52963704
송파구,풍납동,올림픽로45길,극동아파트,127.1145715,37.52985669
송파구,풍납동,올림픽로51길,그린빌,127.1153136,37.53569871
송파구,풍납동,토성로15길,에덴,127.115673,37.53330867
송파구,풍납동,풍성로15길,대동아파트,127.1147348,37.53783579
송파구,송파동,송이로,월드빌,127.1138918,37.50599655
송파구,송파동,가락로21길,현대아트빌라,127.1079852,37.50681125
송파구,송파동,가락로31길,현대아트빌라,127.1126238,37.51101872
송파구,송파동,가락로31길,삼우빌라,127.1117311,37.511274
송파구,송파동,가락로31길,삼우빌라,127.1115877,37.51132441
송파구,송파동,백제고분로41길,한솔,127.1034708,37.51106137
송파구,송파동,송이로8길,현대타운,127.1129351,37.50526716
송파구,송파동,송이로8길,현대타운,127.1128359,37.5051797
송파구,송파동,송이로8길,현대타운,127.1127411,37.50530622
송파구,송파동,송이로8길,현대타운,127.1128284,37.50537825
송파구,송파동,송이로8길,현대타운,127.112744,37.50506261
송파구,송파동,송이로8길,현대타운,127.1125231,37.5051046
송파구,송파동,송이로8길,현대타운,127.112587,37.50515872
송파구,송파동,송이로8길,현대타운,127.112623,37.50496398
송파구,송파동,송이로8길,현대타운,127.112532,37.50487593
송파구,송파동,송파대로36길,현대타운,127.1129041,37.50435745
송파구,송파동,송파대로36길,현대타운,127.1130297,37.50449663
송파구,송파동,송파대로36길,현대타운,127.1129699,37.50456418
송파구,송파동,송파대로36길,현대타운,127.1127745,37.50448015
송파구,송파동,송파대로36길,현대타운,127.1123622,37.50491878
송파구,송파동,송파대로36길,현대타운,127.1121932,37.50502514
송파구,송파동,송파대로36길,현대타운,127.1132738,37.50458469
송파구,송파동,송파대로36길,현대타운,127.1131744,37.50467995
송파구,송파동,송파대로40길,그린빌,127.107162,37.50672564
송파구,송파동,송파대로42길,휴먼빌,127.1096162,37.50878969
송파구,송파동,오금로32길,현대아파트,127.1159455,37.50585646
송파구,송파동,오금로32길,현대아파트,127.1158401,37.50567132
송파구,석촌동,가락로3길,현대아파트,127.0976798,37.50183745
송파구,석촌동,가락로5길,월드빌,127.1010471,37.50291277
송파구,석촌동,가락로5길,월드빌,127.1011487,37.50295684
송파구,석촌동,가락로5길,그린빌,127.0993137,37.50367914
송파구,석촌동,백제고분로33길,그린빌,127.0959838,37.5057373
송파구,석촌동,백제고분로34길,월드빌,127.0958287,37.50390258
송파구,석촌동,백제고분로40길,그린빌,127.1051516,37.50478963
송파구,석촌동,백제고분로40길,그린빌,127.1049977,37.50472819
송파구,석촌동,백제고분로40길,그린빌,127.1049236,37.50469368
송파구,석촌동,삼학사로10길,그린빌,127.0957024,37.50327243
송파구,석촌동,삼학사로12길,고은,127.0974467,37.50447355
송파구,석촌동,삼학사로18길,월드빌,127.095646,37.50705824
송파구,석촌동,석촌호수로18길,현대아트빌라,127.0982744,37.50665787
송파구,석촌동,송파대로43길,삼성타운,127.1051364,37.50695646
송파구,삼전동,백제고분로22길,위더스빌,127.0858007,37.50430949
송파구,삼전동,백제고분로22길,현대아트빌라,127.0864166,37.50330544
송파구,삼전동,백제고분로22길,현대아트빌라,127.0865074,37.50327506
송파구,삼전동,백제고분로22길,현대아파트,127.085941,37.50332057
송파구,삼전동,백제고분로22길,현대아파트,127.0859314,37.5031067
송파구,삼전동,백제고분로27길,그린빌,127.0902507,37.50646776
송파구,삼전동,백제고분로27길,그린빌,127.0913728,37.50707757
송파구,삼전동,백제고분로28길,현대아트빌라,127.0877274,37.50315861
송파구,삼전동,백제고분로31길,현대아트빌라,127.0940661,37.50572921
송파구,삼전동,백제고분로31길,현대아트빌라,127.0936198,37.50647292
송파구,삼전동,백제고분로31길,월드빌,127.0939119,37.50648383
송파구,삼전동,백제고분로31길,그린빌,127.0941901,37.50646368
송파구,삼전동,백제고분로31길,그린빌,127.094106,37.506816
송파구,삼전동,백제고분로31길,그린빌,127.094237,37.50682668
송파구,삼전동,백제고분로32길,동신아파트,127.09157,37.50308813
송파구,삼전동,삼전로10길,삼성타운,127.0906704,37.50787316
송파구,삼전동,삼학사로13길,현대아트빌라,127.0912436,37.50655463
송파구,가락동,동남로,극동아파트,127.1291465,37.49851274
송파구,가락동,오금로,현대아파트,127.1282656,37.50293654
송파구,가락동,동남로18길,극동아파트,127.1297211,37.49790684
송파구,가락동,문정로13길,그린빌,127.1330718,37.49583821
송파구,가락동,송이로17길,삼성타운,127.1211925,37.50215404
송파구,가락동,송이로17길,미성,127.1239539,37.50427259
송파구,가락동,송이로21길,삼성타운,127.1214569,37.50196086
송파구,가락동,송이로23길,월드빌,127.1235516,37.49844212
송파구,가락동,송이로27길,해오름,127.1232905,37.49630773
송파구,가락동,오금로34길,그린빌,127.1209255,37.50361951
송파구,가락동,오금로40길,현대아파트,127.1292188,37.50181713
송파구,가락동,중대로10길,그린빌,127.1218325,37.49392588
송파구,문정동,동남로,현대아파트,127.1260235,37.49507037
송파구,문정동,송이로,현대아파트,127.12615,37.49319083
송파구,문정동,동남로6길,그린빌,127.1236247,37.49021492
송파구,문정동,송이로31길,그린빌,127.1325353,37.49187433
송파구,문정동,송이로34길,현대아파트,127.128252,37.48851915
송파구,방이동,가락로36길,파라다이스빌,127.1168284,37.51321322
송파구,방이동,백제고분로48가길,그린빌,127.1127634,37.51610568
송파구,방이동,백제고분로48길,그린빌,127.1127157,37.5146352
송파구,방이동,백제고분로50길,풍림,127.1154805,37.51739075
송파구,방이동,오금로11길,신동아타워아파트,127.1085712,37.51823884
송파구,방이동,오금로17길,월드빌,127.1098434,37.51470522
송파구,방이동,오금로21길,하늘애,127.1125281,37.51344205
송파구,방이동,올림픽로34길,월드빌,127.109437,37.51720287
송파구,방이동,위례성대로10길,휴먼빌,127.1182623,37.5144542
송파구,오금동,성내천로,우방아파트,127.137147,37.50391297
송파구,오금동,마천로7가길,현대아트빌라,127.1255307,37.51188818
송파구,오금동,마천로7가길,현대아트빌라,127.1256739,37.51199221
송파구,오금동,성내천로8길,삼성타운,127.1326957,37.50483811
송파구,오금동,양재대로72길,쌍용스윗닷홈,127.1289276,37.51077307
송파구,오금동,오금로35길,현대아파트,127.1251027,37.50754147
송파구,오금동,중대로31길,현대타운,127.1271684,37.50834474
송파구,오금동,중대로31길,현대타운,127.1269999,37.50843449
송파구,오금동,중대로38길,삼우빌라,127.1309042,37.50938003
송파구,거여동,거마로7길,현대아트빌라,127.1418995,37.49775884
송파구,거여동,오금로54길,현대아파트,127.1392018,37.49681212
송파구,거여동,오금로61길,현대아파트,127.1449876,37.49709974
송파구,마천동,성내천로,우방아파트,127.149293,37.50322306
송파구,마천동,성내천로,우방아파트,127.1493728,37.5030671
송파구,마천동,성내천로,삼성타운,127.1537711,37.4967908
송파구,마천동,성내천로43가길,현대아트빌라,127.1530781,37.49857627
강동구,명일동,동남로71길,현대아파트,127.1515918,37.55449055
강동구,명일동,암사19길,월드빌,127.1383768,37.55410275
강동구,명일동,양재대로134길,현대아파트,127.146328,37.55070622
강동구,고덕동,고덕로61길,현대아파트,127.1505654,37.55936563
강동구,길동,천호대로,현대아파트,127.1452644,37.53915891
강동구,길동,명일로,현대아파트,127.1454363,37.53969638
강동구,길동,명일로26길,우림루미아트,127.1465173,37.54525555
강동구,길동,양재대로110길,삼성타운,127.1395551,37.53780272
강동구,길동,천호대로185길,월드빌,127.1393532,37.53862356
강동구,길동,천호대로191길,삼성타운,127.1391217,37.53900683
강동구,길동,천호대로191길,삼성타운,127.13898,37.53903846
강동구,길동,천호대로199길,삼익세라믹아파트,127.1461752,37.54102508
강동구,둔촌동,명일로,신성,127.1423323,37.53582517
강동구,둔촌동,진황도로,현대아파트,127.1421663,37.5302713
강동구,둔촌동,명일로12길,성원아파트,127.1456437,37.53578988
강동구,암사동,아리수로,현대타운,127.1356429,37.55971418
강동구,암사동,고덕로,동원베네스트,127.1288604,37.55689956
강동구,암사동,고덕로20길,중앙하이츠,127.1315868,37.5565504
강동구,암사동,고덕로20나길,그린빌,127.1299038,37.55681906
강동구,암사동,고덕로25길,대명아파트,127.1336049,37.55823441
강동구,암사동,고덕로27길,현대타운,127.1356334,37.55955483
강동구,암사동,고덕로27길,현대타운,127.1356345,37.55959733
강동구,암사동,암사11길,그린빌,127.1338319,37.55520695
강동구,성내동,성내로6다길,영풍마드레빌,127.1204289,37.53001575
강동구,성내동,성안로13길,현대아트빌라,127.1288283,37.53502814
강동구,성내동,양재대로101길,월드빌,127.1344982,37.53540809
강동구,성내동,양재대로101길,월드빌,127.1344345,37.53523651
강동구,성내동,양재대로101길,우림루미아트,127.1331098,37.53553604
강동구,성내동,양재대로83길,월드빌,127.128585,37.52711536
강동구,성내동,천호대로162길,e편한세상,127.1261717,37.5379827
강동구,성내동,천호대로168다길,아름채,127.1277894,37.53704319
강동구,성내동,천호옛12길,현대아파트,127.1239759,37.53763318
강동구,성내동,천호옛14길,금광포란재아파트,127.1252268,37.53794756
강동구,천호동,구천면로,동아하이빌아파트,127.1311174,37.54744656
강동구,천호동,진황도로,현대아파트,127.1303714,37.54094411
강동구,천호동,구천면로41길,중앙하이츠,127.1277438,37.5506056
강동구,천호동,상암로12길,삼익아파트,127.1263822,37.55174079
강동구,천호동,상암로27길,월드빌,127.1357359,37.54991355
강동구,천호동,상암로41가길,휴먼빌,127.1383079,37.54989827
강동구,천호동,선사로10길,그린빌,127.1192344,37.54611756
강동구,천호동,양재대로125길,우정아파트,127.1390183,37.54708539
강동구,천호동,올림픽로92길,성원,127.1251545,37.55060473
강동구,천호동,진황도로31길,성원아파트,127.1317098,37.54147083
강동구,천호동,천중로21길,그린빌,127.1299787,37.54824475
