거래일자,법정동,도로명,아파트,층,전용면적,건축년도,거래금액
2019-10-05,면목동,용마산로,현대,2,84.81,1994,52000
2019-10-07,면목동,중랑천로,신성,5,59.91,1998,37000
2019-10-09,면목동,용마산로,현대,19,84.09,1994,57500
2019-10-10,면목동,사가정로41길,동원베네스트,5,84.86,2003,56000
2019-10-14,면목동,용마산로,현대,9,72.63,1994,50500
2019-10-16,면목동,봉우재로14길,동성네스트빌,10,62.2,2008,26300
2019-10-16,면목동,용마산로,현대,12,84.99,1994,59700
2019-10-16,면목동,중랑천로,신성,8,84.98,1998,44150
2019-10-23,면목동,겸재로,동서그랜드맨션,4,131.34,1993,43000
2019-10-25,면목동,면목로,킴스아파트,4,38.91,2018,28900
2019-10-25,면목동,용마산로,현대,4,74.79,1994,47500
2019-10-26,면목동,망우로26길,풍림,12,59.4,1997,34000
2019-10-29,면목동,용마산로86길,면목동2차미소지움아파트,12,78.56,2005,45400
2019-10-31,면목동,용마산로,현대,15,84.09,1994,60000
2019-10-03,상봉동,상봉로,상봉 듀오트리스,28,131.8,2016,91000
2019-10-04,상봉동,신내로7가길,동부아파트,8,84.99,1999,54500
2019-10-04,상봉동,신내로7나길,건영2차아파트,15,84.96,1996,56700
2019-10-04,상봉동,신내로7가길,동부아파트,2,54,1999,38000
2019-10-05,상봉동,신내로7나길,건영2차아파트,23,84.96,1996,59300
2019-10-06,상봉동,상봉로23길,더클래스,14,27.16,2019,26800
2019-10-07,상봉동,신내로7가길,동부아파트,4,54,1999,39000
2019-10-12,상봉동,상봉로,상봉 듀오트리스,5,131.8,2016,85000
2019-10-14,상봉동,신내로7나길,건영2차아파트,13,84.96,1996,57000
2019-10-15,상봉동,신내로7나길,건영2차아파트,17,84.96,1996,58000
2019-10-17,상봉동,상봉중앙로1다길,우정아파트,5,57.189,2002,49000
2019-10-19,상봉동,신내로7가길,동부아파트,3,84.99,1999,50000
2019-10-21,상봉동,상봉중앙로8길,건영캐스빌,4,84.6475,2006,64500
2019-10-23,상봉동,상봉중앙로1다길,우정아파트,24,57.189,2002,49300
2019-10-23,상봉동,신내로7나길,건영2차아파트,13,84.96,1996,59000
2019-10-26,상봉동,상봉중앙로8길,건영캐스빌,11,84.6475,2006,69800
2019-10-26,상봉동,신내로7가길,동부아파트,8,54,1999,40450
2019-10-26,상봉동,신내로7나길,건영2차아파트,16,57.3,1996,44200
2019-10-28,상봉동,중랑천로10길,금강산아파트,6,58.6,1996,23400
2019-10-29,상봉동,중랑천로10길,금강산아파트,3,66.54,1996,28100
2019-10-30,상봉동,상봉로,상봉 듀오트리스,9,131.8,2016,90000
2019-10-12,중화동,동일로140길,중화동건영아파트,12,59.94,1998,27000
2019-10-29,중화동,동일로140길,중화동건영아파트,13,84.76,1998,37200
2019-10-01,묵동,중랑천로,월드메르디앙,12,83.51,2009,56500
2019-10-03,묵동,동일로149길,우성,5,47.11,1975,20000
2019-10-09,묵동,숙선옹주로,이편한세상 화랑대,6,84.902,2017,76500
2019-10-12,묵동,숙선옹주로,이편한세상 화랑대,6,84.902,2017,77800
2019-10-16,묵동,중랑역로,삼성,4,62.16,1991,26700
2019-10-20,묵동,동일로149길,우성,3,48.13,1975,21000
2019-10-23,묵동,숙선옹주로,이편한세상 화랑대,12,59.953,2017,65500
2019-10-28,묵동,숙선옹주로,이편한세상 화랑대,3,75.914,2017,70800
2019-10-31,묵동,숙선옹주로,이편한세상 화랑대,13,84.902,2017,79000
2019-10-07,망우동,용마산로112가길,예성그린캐슬,5,84.83,2004,39500
2019-10-15,망우동,상봉로26길,가야써니빌,6,59.96,2002,31800
2019-10-26,망우동,용마산로115길,문수해오름,2,83.61,2002,31800
2019-10-27,망우동,양원역로,경남,5,52.71,1989,26900
2019-10-29,망우동,용마산로112가길,예성그린캐슬,18,84.83,2004,43800
2019-10-03,신내동,신내역로,신내 데시앙포레,21,84.65,2013,61500
2019-10-03,신내동,신내역로,신내 데시앙포레,6,84.65,2013,59000
2019-10-07,신내동,봉화산로56길,중앙하이츠,5,84.97,1996,43000
2019-10-07,신내동,봉화산로56길,중앙하이츠,1,84.97,1996,41000
2019-10-07,신내동,신내로,성원,4,84.32,1994,45000
2019-10-08,신내동,용마산로129가길,영풍마드레빌,1,84.8485,2004,49000
2019-10-09,신내동,신내역로1길,신내우디안1단지,12,101.65,2014,65800
2019-10-09,신내동,신내역로1길,신내우디안1단지,10,101.65,2014,66900
2019-10-09,신내동,신내역로1길,신내우디안1단지,14,59.99,2014,52800
2019-10-10,신내동,신내역로,신내 데시앙포레,14,84.94,2013,59500
2019-10-11,신내동,봉화산로56길,중앙하이츠,9,84.97,1996,44300
2019-10-11,신내동,봉화산로56길,경남아너스빌,4,84.98,2007,54500
2019-10-11,신내동,신내역로,신내 데시앙포레,13,114.54,2013,74000
2019-10-11,신내동,신내역로,신내 데시앙포레,12,84.91,2013,62500
2019-10-12,신내동,봉화산로56길,중앙하이츠,10,84.97,1996,46700
2019-10-12,신내동,신내역로1길,신내우디안1단지,5,84.79,2014,59000
2019-10-12,신내동,신내로,성원,2,84.91,1994,48000
2019-10-12,신내동,신내역로1길,신내우디안1단지,13,84.94,2014,61200
2019-10-12,신내동,용마산로129가길,영풍마드레빌,6,84.8485,2004,55500
2019-10-13,신내동,신내로,성원,7,84.32,1994,46800
2019-10-14,신내동,신내역로,신내 데시앙포레,5,84.94,2013,58900
2019-10-18,신내동,신내역로,신내 데시앙포레,1,59.72,2013,50000
2019-10-19,신내동,신내역로,신내 데시앙포레,7,84.94,2013,57900
2019-10-21,신내동,신내역로,신내 데시앙포레,1,84.94,2013,56000
2019-10-23,신내동,신내역로1길,신내우디안1단지,9,84.65,2014,60500
2019-10-24,신내동,신내역로1길,신내우디안1단지,22,84.94,2014,61500
2019-10-24,신내동,신내로,성원,12,84.32,1994,49800
2019-10-25,신내동,신내로,성원,9,84.32,1994,48800
2019-10-26,신내동,신내로,성원,13,84.91,1994,49600
2019-10-26,신내동,신내역로1길,신내우디안1단지,14,84.65,2014,63000
2019-10-27,신내동,신내역로,신내 데시앙포레,14,84.91,2013,61800
2019-10-29,신내동,신내로,성원,9,84.32,1994,50000
2019-10-31,신내동,용마산로129가길,영풍마드레빌,13,84.8485,2004,56200
2019-10-31,신내동,신내로,성원,21,84.32,1994,47800
2019-11-02,면목동,용마산로,현대,15,84.81,1994,54000
2019-11-04,면목동,중랑천로,신성,19,59.91,1998,36000
2019-11-09,면목동,봉우재로6길,솔루테아파트,1,82.811,2001,38000
2019-11-16,면목동,용마산로,현대,10,72.63,1994,51000
2019-11-18,면목동,용마산로,현대,13,84.81,1994,57700
2019-11-18,면목동,용마산로,현대,6,84.99,1994,55000
2019-11-22,면목동,봉우재로14길,동성네스트빌,6,83.29,2008,37500
2019-11-26,면목동,망우로26길,풍림,3,59.4,1997,32800
2019-11-02,상봉동,신내로7나길,건영2차아파트,21,84.96,1996,57500
2019-11-02,상봉동,신내로7나길,건영2차아파트,15,84.96,1996,59900
2019-11-03,상봉동,중랑천로10길,금강산아파트,4,59.98,1996,25000
2019-11-04,상봉동,상봉로,상봉 듀오트리스,18,131.8,2016,93000
2019-11-06,상봉동,신내로7나길,건영2차아파트,19,84.96,1996,57300
2019-11-08,상봉동,상봉중앙로1다길,우정아파트,18,57.189,2002,53000
2019-11-08,상봉동,상봉중앙로8길,건영캐스빌,5,84.6475,2006,69400
2019-11-09,상봉동,신내로7나길,건영2차아파트,20,84.96,1996,57000
2019-11-10,상봉동,신내로7나길,건영2차아파트,19,57.3,1996,41950
2019-11-11,상봉동,상봉중앙로8길,건영캐스빌,16,84.6475,2006,71000
2019-11-12,상봉동,신내로7나길,건영2차아파트,12,84.96,1996,59500
2019-11-13,상봉동,신내로7나길,건영2차아파트,25,84.96,1996,57000
2019-11-14,상봉동,상봉중앙로,해동 훼미리,3,84.72,2005,36000
2019-11-15,상봉동,상봉로,백운아파트,4,69.79,2004,35500
2019-11-16,상봉동,중랑천로12길,매원아파트,2,74.65,2003,34000
2019-11-20,상봉동,신내로7가길,동부아파트,4,54,1999,39000
2019-11-30,상봉동,신내로7나길,건영2차아파트,19,84.96,1996,59000
2019-11-02,중화동,동일로129길,태능에셈빌,9,81.574,2005,41700
2019-11-13,중화동,망우로,동양엔파트,18,84.98,2010,59500
2019-11-18,중화동,동일로129길,태능에셈빌,10,84.843,2005,46300
2019-11-27,중화동,동일로136길,청광플러스원,5,84.96,2007,54000
2019-11-01,묵동,숙선옹주로,이편한세상 화랑대,15,84.956,2017,80000
2019-11-03,묵동,숙선옹주로,이편한세상 화랑대,14,84.916,2017,77700
2019-11-11,묵동,숙선옹주로,이편한세상 화랑대,17,84.902,2017,79500
2019-11-13,묵동,중랑역로,헤르만스테이트,12,30,2013,19000
2019-11-13,묵동,숙선옹주로,이편한세상 화랑대,15,84.834,2017,80000
2019-11-13,묵동,숙선옹주로,이편한세상 화랑대,4,59.953,2017,70000
2019-11-14,묵동,숙선옹주로,이편한세상 화랑대,11,75.712,2017,73000
2019-11-15,묵동,중랑역로,우성,5,64.38,1975,21800
2019-11-16,묵동,숙선옹주로,이편한세상 화랑대,2,96.399,2017,85000
2019-11-19,묵동,공릉로4길,문수해오름,7,84.62,2004,48000
2019-11-22,묵동,중랑역로,우성,5,47.89,1975,20950
2019-11-23,묵동,중랑천로,월드메르디앙,4,83.51,2009,55800
2019-11-27,묵동,숙선옹주로,이편한세상 화랑대,12,84.916,2017,78800
2019-11-28,묵동,동일로,위더스빌,17,84.83,2010,53900
2019-11-28,묵동,숙선옹주로,이편한세상 화랑대,6,84.902,2017,78000
2019-11-30,묵동,숙선옹주로,이편한세상 화랑대,9,84.834,2017,82000
2019-11-04,망우동,망우로58길,더하이어,9,12.0156,2013,10300
2019-11-06,망우동,용마산로112가길,예성그린캐슬,15,58.9,2004,35200
2019-11-28,망우동,망우로58길,예원캐슬,12,38.56,2012,22000
2019-11-01,신내동,봉화산로56길,중앙하이츠,4,84.97,1996,44800
2019-11-04,신내동,신내역로1길,신내우디안1단지,16,84.65,2014,63000
2019-11-05,신내동,봉화산로56길,중앙하이츠,13,84.97,1996,47000
2019-11-06,신내동,봉화산로56길,중앙하이츠,9,84.97,1996,43000
2019-11-07,신내동,신내역로,신내 데시앙포레,12,114.54,2013,74000
2019-11-09,신내동,용마산로129가길,영풍마드레빌,3,84.8485,2004,52700
2019-11-10,신내동,봉화산로56길,경남아너스빌,2,84.98,2007,52000
2019-11-12,신내동,신내역로,신내 데시앙포레,12,84.65,2013,61000
2019-11-12,신내동,봉화산로56길,중앙하이츠,3,84.97,1996,45000
2019-11-13,신내동,용마산로129가길,영풍마드레빌,8,84.8485,2004,54500
2019-11-14,신내동,용마산로129가길,영풍마드레빌,9,84.8485,2004,55500
2019-11-15,신내동,봉화산로56길,중앙하이츠,14,84.97,1996,45000
2019-11-20,신내동,신내로,성원,12,84.32,1994,47700
2019-11-20,신내동,용마산로,데시앙,12,84.3,2010,69500
2019-11-20,신내동,신내역로,신내 데시앙포레,3,84.91,2013,58000
2019-11-20,신내동,봉화산로56길,중앙하이츠,9,84.97,1996,46800
2019-11-21,신내동,신내로,성원,7,84.32,1994,49850
2019-11-21,신내동,봉화산로56길,중앙하이츠,13,84.97,1996,47000
2019-11-23,신내동,용마산로,데시앙,11,59.99,2010,57500
2019-11-23,신내동,신내로,성원,14,84.32,1994,51800
2019-11-26,신내동,용마산로129가길,영풍마드레빌,8,84.8485,2004,55000
2019-11-28,신내동,봉화산로56길,중앙하이츠,6,84.97,1996,42600
2019-11-30,신내동,신내역로,신내 데시앙포레,13,84.94,2013,62000
2019-12-03,면목동,답십리로75길,경남아너스빌,4,84.961,2006,62000
2019-12-04,면목동,용마산로86길,면목동2차미소지움아파트,4,81.96,2005,45500
2019-12-04,면목동,답십리로75길,경남아너스빌,14,84.961,2006,64900
2019-12-10,면목동,용마산로,현대,3,84.81,1994,53900
2019-12-16,면목동,사가정로,킴스타워,7,30.04,2019,29600
2019-12-16,면목동,사가정로,킴스타워,12,32.24,2019,31650
2019-12-16,면목동,사가정로,킴스타워,12,33.01,2019,32200
2019-12-16,면목동,사가정로,킴스타워,6,30.04,2019,29600
2019-12-16,면목동,사가정로,킴스타워,6,30.61,2019,29900
2019-12-16,면목동,사가정로,킴스타워,6,32.24,2019,31350
2019-12-16,면목동,사가정로,킴스타워,6,33.01,2019,31900
2019-12-16,면목동,사가정로,킴스타워,8,32.24,2019,31350
2019-12-16,면목동,사가정로,킴스타워,7,30.61,2019,29900
2019-12-16,면목동,사가정로,킴스타워,7,32.24,2019,31350
2019-12-16,면목동,사가정로,킴스타워,7,33.01,2019,31900
2019-12-16,면목동,사가정로,킴스타워,8,30.04,2019,29600
2019-12-16,면목동,사가정로,킴스타워,8,30.61,2019,29900
2019-12-16,면목동,사가정로,킴스타워,8,33.01,2019,31900
2019-12-16,면목동,사가정로,킴스타워,9,30.04,2019,29750
2019-12-16,면목동,사가정로,킴스타워,9,30.61,2019,30050
2019-12-16,면목동,사가정로,킴스타워,9,32.24,2019,31500
2019-12-16,면목동,사가정로,킴스타워,9,33.01,2019,32050
2019-12-16,면목동,사가정로,킴스타워,10,30.04,2019,29750
2019-12-16,면목동,사가정로,킴스타워,10,30.61,2019,30050
2019-12-16,면목동,사가정로,킴스타워,10,32.24,2019,31500
2019-12-16,면목동,사가정로,킴스타워,10,33.01,2019,32050
2019-12-16,면목동,사가정로,킴스타워,12,30.04,2019,29900
2019-12-16,면목동,사가정로,킴스타워,11,30.04,2019,29900
2019-12-16,면목동,사가정로,킴스타워,11,30.61,2019,30200
2019-12-16,면목동,사가정로,킴스타워,11,32.24,2019,31650
2019-12-16,면목동,사가정로,킴스타워,11,33.01,2019,32200
2019-12-16,면목동,사가정로,킴스타워,12,30.61,2019,30200
2019-12-17,면목동,봉우재로20가길,IS아파트,8,84.84,2012,41000
2019-12-18,면목동,용마산로,현대,15,74.79,1994,51300
2019-12-19,면목동,면목로,삼일,4,54.09,1994,23000
2019-12-20,면목동,용마산로,현대,18,72.63,1994,54800
2019-12-20,면목동,중랑천로,신성,10,103.11,1998,51500
2019-12-24,면목동,용마산로,현대,1,84.09,1994,45500
2019-12-24,면목동,답십리로75길,경남아너스빌,13,84.961,2006,66000
2019-12-24,면목동,용마산로,현대,14,72.63,1994,53500
2019-12-25,면목동,용마산로,현대,4,74.79,1994,48000
2019-12-26,면목동,답십리로75길,경남아너스빌,5,84.961,2006,65500
2019-12-26,면목동,용마산로86길,면목동2차미소지움아파트,3,82.28,2005,45500
2019-12-31,면목동,봉우재로6길,솔루테아파트,3,82.811,2001,40800
2019-12-31,면목동,중랑천로,신성,9,84.98,1998,47800
2019-12-03,상봉동,상봉중앙로8길,건영캐스빌,14,84.6475,2006,70900
2019-12-06,상봉동,신내로7가길,동부아파트,6,84.99,1999,54500
2019-12-07,상봉동,상봉중앙로8길,건영캐스빌,7,84.6475,2006,69000
2019-12-10,상봉동,신내로7나길,건영2차아파트,6,84.96,1996,59000
2019-12-11,상봉동,신내로7나길,건영2차아파트,14,74.9,1996,56000
2019-12-11,상봉동,신내로7나길,건영2차아파트,11,84.96,1996,60900
2019-12-13,상봉동,상봉로23길,솔렌시아 5,4,21.28,2019,21800
2019-12-13,상봉동,상봉로23길,솔렌시아 5,4,21.28,2019,21800
2019-12-13,상봉동,상봉로23길,솔렌시아 5,4,17.98,2019,21850
2019-12-13,상봉동,상봉로23길,솔렌시아 5,6,19.82,2019,22350
2019-12-13,상봉동,상봉로23길,솔렌시아 5,6,17.98,2019,22250
2019-12-13,상봉동,상봉로23길,솔렌시아 5,7,17.98,2019,22150
2019-12-13,상봉동,상봉로23길,솔렌시아 5,7,21.28,2019,22200
2019-12-13,상봉동,상봉로23길,솔렌시아 5,7,21.28,2019,22200
2019-12-13,상봉동,상봉로23길,솔렌시아 5,7,21.28,2019,22200
2019-12-13,상봉동,상봉로23길,솔렌시아 5,7,21.28,2019,22200
2019-12-13,상봉동,상봉로23길,솔렌시아 5,7,17.98,2019,22150
2019-12-13,상봉동,상봉로23길,솔렌시아 5,7,17.98,2019,22250
2019-12-13,상봉동,상봉로23길,솔렌시아 5,7,19.82,2019,22350
2019-12-13,상봉동,상봉로23길,솔렌시아 5,7,19.82,2019,22350
2019-12-13,상봉동,상봉로23길,솔렌시아 5,7,21.28,2019,22200
2019-12-13,상봉동,상봉로23길,솔렌시아 5,4,17.98,2019,21950
2019-12-13,상봉동,상봉로23길,솔렌시아 5,4,19.82,2019,21900
2019-12-13,상봉동,상봉로23길,솔렌시아 5,4,17.98,2019,21950
2019-12-13,상봉동,상봉로23길,솔렌시아 5,5,17.98,2019,21850
2019-12-13,상봉동,상봉로23길,솔렌시아 5,5,21.28,2019,21800
2019-12-13,상봉동,상봉로23길,솔렌시아 5,5,21.28,2019,21800
2019-12-13,상봉동,상봉로23길,솔렌시아 5,5,21.28,2019,21800
2019-12-13,상봉동,상봉로23길,솔렌시아 5,5,21.28,2019,21800
2019-12-13,상봉동,상봉로23길,솔렌시아 5,5,21.28,2019,21800
2019-12-13,상봉동,상봉로23길,솔렌시아 5,5,17.98,2019,21850
2019-12-13,상봉동,상봉로23길,솔렌시아 5,5,19.82,2019,21900
2019-12-13,상봉동,상봉로23길,솔렌시아 5,6,19.82,2019,22350
2019-12-13,상봉동,상봉로23길,솔렌시아 5,4,17.98,2019,21850
2019-12-13,상봉동,상봉로23길,솔렌시아 5,4,21.28,2019,21800
2019-12-13,상봉동,상봉로23길,솔렌시아 5,4,21.28,2019,21800
2019-12-13,상봉동,상봉로23길,솔렌시아 5,4,21.28,2019,21800
2019-12-13,상봉동,상봉로23길,솔렌시아 5,5,19.82,2019,21900
2019-12-13,상봉동,상봉로23길,솔렌시아 5,5,17.98,2019,21950
2019-12-13,상봉동,상봉로23길,솔렌시아 5,6,17.98,2019,22150
2019-12-13,상봉동,상봉로23길,솔렌시아 5,6,21.28,2019,22200
2019-12-13,상봉동,상봉로23길,솔렌시아 5,6,21.28,2019,22200
2019-12-13,상봉동,상봉로23길,솔렌시아 5,6,21.28,2019,22200
2019-12-13,상봉동,상봉로23길,솔렌시아 5,6,21.28,2019,22200
2019-12-13,상봉동,상봉로23길,솔렌시아 5,6,21.28,2019,22200
2019-12-13,상봉동,상봉로23길,솔렌시아 5,6,17.98,2019,22150
2019-12-13,상봉동,상봉로23길,솔렌시아 5,6,17.98,2019,22250
2019-12-13,상봉동,상봉로23길,솔렌시아 5,10,21.28,2019,22200
2019-12-13,상봉동,상봉로23길,솔렌시아 5,10,21.28,2019,22200
2019-12-13,상봉동,상봉로23길,솔렌시아 5,10,17.98,2019,22150
2019-12-13,상봉동,상봉로23길,솔렌시아 5,10,17.98,2019,22250
2019-12-13,상봉동,상봉로23길,솔렌시아 5,10,19.82,2019,22350
2019-12-13,상봉동,상봉로23길,솔렌시아 5,10,19.82,2019,22350
2019-12-13,상봉동,상봉로23길,솔렌시아 5,10,17.98,2019,22250
2019-12-13,상봉동,상봉로23길,솔렌시아 5,5,17.98,2019,21950
2019-12-13,상봉동,상봉로23길,솔렌시아 5,8,17.98,2019,22150
2019-12-13,상봉동,상봉로23길,솔렌시아 5,8,21.28,2019,22200
2019-12-13,상봉동,상봉로23길,솔렌시아 5,8,21.28,2019,22200
2019-12-13,상봉동,상봉로23길,솔렌시아 5,9,19.82,2019,22350
2019-12-13,상봉동,상봉로23길,솔렌시아 5,9,19.82,2019,22350
2019-12-13,상봉동,상봉로23길,솔렌시아 5,9,17.98,2019,22250
2019-12-13,상봉동,상봉로23길,솔렌시아 5,10,17.98,2019,22150
2019-12-13,상봉동,상봉로23길,솔렌시아 5,10,21.28,2019,22200
2019-12-13,상봉동,상봉로23길,솔렌시아 5,10,21.28,2019,22200
2019-12-13,상봉동,상봉로23길,솔렌시아 5,10,21.28,2019,22200
2019-12-13,상봉동,상봉로23길,솔렌시아 5,8,21.28,2019,22200
2019-12-13,상봉동,상봉로23길,솔렌시아 5,8,21.28,2019,22200
2019-12-13,상봉동,상봉로23길,솔렌시아 5,8,21.28,2019,22200
2019-12-13,상봉동,상봉로23길,솔렌시아 5,7,17.98,2019,22250
2019-12-13,상봉동,상봉로23길,솔렌시아 5,8,17.98,2019,22150
2019-12-13,상봉동,상봉로23길,솔렌시아 5,8,17.98,2019,22250
2019-12-13,상봉동,상봉로23길,솔렌시아 5,8,19.82,2019,22350
2019-12-13,상봉동,상봉로23길,솔렌시아 5,8,19.82,2019,22350
2019-12-13,상봉동,상봉로23길,솔렌시아 5,8,17.98,2019,22250
2019-12-13,상봉동,상봉로23길,솔렌시아 5,9,17.98,2019,22150
2019-12-13,상봉동,상봉로23길,솔렌시아 5,9,21.28,2019,22200
2019-12-13,상봉동,상봉로23길,솔렌시아 5,9,21.28,2019,22200
2019-12-13,상봉동,상봉로23길,솔렌시아 5,9,21.28,2019,22200
2019-12-13,상봉동,상봉로23길,솔렌시아 5,9,21.28,2019,22200
2019-12-13,상봉동,상봉로23길,솔렌시아 5,9,21.28,2019,22200
2019-12-13,상봉동,상봉로23길,솔렌시아 5,9,17.98,2019,22150
2019-12-13,상봉동,상봉로23길,솔렌시아 5,9,17.98,2019,22250
2019-12-14,상봉동,신내로7나길,건영2차아파트,13,84.96,1996,62500
2019-12-15,상봉동,신내로7가길,동부아파트,9,54,1999,42700
2019-12-17,상봉동,신내로7나길,건영2차아파트,3,84.96,1996,56800
2019-12-17,상봉동,신내로7가길,동부아파트,1,84.99,1999,49800
2019-12-21,상봉동,상봉중앙로1다길,우정아파트,9,110.2786,2002,71500
2019-12-27,상봉동,상봉로23길,더클래스,12,28.25,2019,27800
2019-12-28,상봉동,신내로7나길,건영2차아파트,16,84.96,1996,60200
2019-12-29,상봉동,상봉중앙로,해동 훼미리,5,84.77,2005,32000
2019-12-01,중화동,동일로129길,태능에셈빌,4,80.14,2005,45000
2019-12-10,중화동,망우로,동양엔파트,15,84.98,2010,57500
2019-12-12,중화동,망우로,동양엔파트,4,84.35,2010,54000
2019-12-24,중화동,동일로140길,중화동건영아파트,5,84.76,1998,40200
2019-12-01,묵동,중랑천로,월드메르디앙,12,83.51,2009,57300
2019-12-03,묵동,숙선옹주로,이편한세상 화랑대,5,84.956,2017,81000
2019-12-09,묵동,숙선옹주로,이편한세상 화랑대,17,59.953,2017,72000
2019-12-14,묵동,중랑천로,월드메르디앙,9,83.8,2009,57800
2019-12-18,묵동,숙선옹주로,이편한세상 화랑대,3,75.914,2017,77700
2019-12-18,묵동,동일로,위더스빌,6,84.98,2010,52000
2019-12-20,묵동,동일로149길,우성,2,48.13,1975,22000
2019-12-23,묵동,공릉로,공감대,14,59.959,2005,41200
2019-12-30,묵동,공릉로,공감대,10,59.959,2005,45000
2019-12-11,망우동,용마산로112가길,예성그린캐슬,12,58.9,2004,37500
2019-12-17,망우동,망우로,신원,17,59.62,1999,31000
2019-12-26,망우동,양원역로,경남,1,52.71,1989,29000
2019-12-02,신내동,봉화산로56길,중앙하이츠,4,84.97,1996,46000
2019-12-02,신내동,신내로,성원,6,84.4,1994,45000
2019-12-03,신내동,봉화산로56길,중앙하이츠,12,84.97,1996,48500
2019-12-06,신내동,신내역로1길,신내우디안1단지,12,84.94,2014,60000
2019-12-07,신내동,신내역로1길,신내우디안1단지,13,84.79,2014,64000
2019-12-07,신내동,신내로,성원,15,84.32,1994,49000
2019-12-07,신내동,봉화산로56길,중앙하이츠,1,84.97,1996,39500
2019-12-09,신내동,신내역로1길,신내우디안1단지,13,84.62,2014,63500
2019-12-09,신내동,신내역로1길,신내우디안1단지,13,84.65,2014,62750
2019-12-11,신내동,신내역로1길,신내우디안1단지,10,84.82,2014,61700
2019-12-12,신내동,봉화산로56길,경남아너스빌,11,84.98,2007,56500
2019-12-13,신내동,신내역로1길,신내우디안1단지,4,84.82,2014,60000
2019-12-14,신내동,신내역로1길,신내우디안1단지,11,84.91,2014,62800
2019-12-14,신내동,신내로,성원,15,84.32,1994,50000
2019-12-16,신내동,신내로,성원,24,84.32,1994,49500
2019-12-21,신내동,신내역로1길,신내우디안1단지,4,84.62,2014,61500
2019-12-23,신내동,신내로,성원,20,84.32,1994,49700
2019-12-24,신내동,용마산로129가길,영풍마드레빌,2,84.8485,2004,53500
2019-12-26,신내동,봉화산로56길,중앙하이츠,2,84.97,1996,43000
2019-12-26,신내동,신내역로,신내 데시앙포레,2,84.94,2013,61000
2019-12-27,신내동,봉화산로,동성타워프라자,6,84.21,1996,38200
2019-12-28,신내동,신내로,성원,8,84.32,1994,49300
2019-12-30,신내동,신내역로,신내 데시앙포레,2,84.65,2013,57500
2019-10-30,성북동1가,창경궁로,휴아름 스튜디오,8,13.57,2015,18000
2019-10-01,돈암동,정릉로,동부센트레빌,12,80.54,2003,66800
2019-10-04,돈암동,동소문로34길,길음역금호어울림센터힐,18,59.84,2014,65500
2019-10-05,돈암동,아리랑로,돈암코오롱하늘채,13,59.9342,2016,67900
2019-10-07,돈암동,아리랑로,돈암코오롱하늘채,12,59.8616,2016,71000
2019-10-08,돈암동,정릉로,돈암현대아파트,9,41.58,1991,32500
2019-10-09,돈암동,정릉로,돈암현대아파트,3,41.58,1991,31700
2019-10-10,돈암동,정릉로,돈암현대아파트,15,84.39,1991,48500
2019-10-12,돈암동,정릉로,돈암현대아파트,12,68.76,1991,49000
2019-10-12,돈암동,동소문로34길,길음역금호어울림센터힐,5,59.5,2014,65000
2019-10-12,돈암동,아리랑로,돈암코오롱하늘채,1,59.9342,2016,64500
2019-10-14,돈암동,정릉로,돈암현대아파트,10,56.7,1991,42000
2019-10-18,돈암동,정릉로,돈암현대아파트,3,41.58,1991,32000
2019-10-18,돈암동,아리랑로7길,삼성 아지오 아파트,5,84.97,2007,35500
2019-10-19,돈암동,정릉로,동부센트레빌,8,81.82,2003,68000
2019-10-19,돈암동,아리랑로,일신건영휴먼빌아파트,19,84.98,2005,62000
2019-10-19,돈암동,동소문로34길,길음역금호어울림센터힐,18,59.5,2014,65000
2019-10-22,돈암동,아리랑로,일신건영휴먼빌아파트,1,143.51,2005,72400
2019-10-23,돈암동,정릉로,돈암현대아파트,8,68.76,1991,43000
2019-10-26,돈암동,동소문로34길,길음역금호어울림센터힐,14,59.5,2014,67000
2019-10-28,돈암동,아리랑로,돈암코오롱하늘채,13,59.8616,2016,67500
2019-10-29,돈암동,아리랑로,돈암코오롱하늘채,16,84.9594,2016,85000
2019-10-14,동소문동4가,동소문로3길,송산아파트,8,58.59,1998,42000
2019-10-22,동소문동4가,동소문로3길,송산아파트,4,58.59,1998,41000
2019-10-28,동소문동4가,동소문로3길,송산아파트,9,111.55,1998,60000
2019-10-01,삼선동2가,보문로29다길,삼선푸르지오,7,84.82,2008,65900
2019-10-03,삼선동2가,낙산길,삼선현대힐스테이트,4,84.83,2009,65000
2019-10-05,삼선동2가,보문로29다길,삼선푸르지오,3,59.95,2008,56700
2019-10-09,삼선동2가,보문로29다길,삼선푸르지오,15,114.65,2008,73400
2019-10-09,삼선동2가,보문로29다길,삼선푸르지오,4,59.95,2008,56000
2019-10-11,삼선동2가,보문로29다길,삼선푸르지오,8,59.95,2008,56300
2019-10-12,삼선동2가,보문로29다길,삼선푸르지오,10,84.83,2008,64250
2019-10-12,삼선동2가,보문로29다길,삼선푸르지오,6,84.84,2008,65000
2019-10-12,삼선동2가,보문로29다길,삼선푸르지오,2,59.95,2008,55000
2019-10-17,삼선동2가,보문로29다길,삼선푸르지오,10,114.65,2008,75000
2019-10-19,삼선동2가,보문로29다길,삼선푸르지오,6,59.95,2008,57800
2019-10-20,삼선동2가,낙산길,삼선현대힐스테이트,3,56.83,2009,54000
2019-10-20,삼선동2가,낙산길,삼선현대힐스테이트,8,84.83,2009,65000
2019-10-20,삼선동2가,낙산길,삼선현대힐스테이트,12,84.71,2009,63000
2019-10-21,삼선동2가,보문로29다길,삼선푸르지오,12,59.95,2008,55300
2019-11-01,돈암동,정릉로,돈암현대아파트,11,84.8,1991,54800
2019-11-01,돈암동,아리랑로,일신건영휴먼빌아파트,1,117.16,2005,60000
2019-11-02,돈암동,아리랑로,일신건영휴먼빌아파트,1,117.16,2005,60000
2019-11-03,돈암동,동소문로34길,길음역금호어울림센터힐,11,84.8,2014,78000
2019-11-04,돈암동,정릉로,돈암현대아파트,5,55.89,1991,44000
2019-11-04,돈암동,아리랑로,일신건영휴먼빌아파트,14,117.16,2005,74000
2019-11-05,돈암동,정릉로,동부센트레빌,2,80.54,2003,60000
2019-11-05,돈암동,정릉로,돈암현대아파트,7,41.58,1991,33800
2019-11-06,돈암동,정릉로,돈암현대아파트,1,41.58,1991,31500
2019-11-06,돈암동,정릉로,돈암현대아파트,7,68.76,1991,50000
2019-11-09,돈암동,아리랑로,돈암코오롱하늘채,7,84.9594,2016,82000
2019-11-09,돈암동,아리랑로,돈암코오롱하늘채,8,84.8778,2016,86000
2019-11-09,돈암동,정릉로,돈암현대아파트,14,68.76,1991,48000
2019-11-10,돈암동,동소문로34길,길음역금호어울림센터힐,22,59.5,2014,69000
2019-11-12,돈암동,아리랑로,돈암코오롱하늘채,3,84.9594,2016,83500
2019-11-15,돈암동,정릉로,동부센트레빌,6,80.54,2003,69000
2019-11-15,돈암동,아리랑로,돈암코오롱하늘채,10,84.8576,2016,83500
2019-11-16,돈암동,정릉로,돈암현대아파트,8,56.7,1991,44000
2019-11-16,돈암동,아리랑로,돈암코오롱하늘채,3,84.9594,2016,86000
2019-11-17,돈암동,아리랑로,돈암코오롱하늘채,11,59.9342,2016,71000
2019-11-19,돈암동,동소문로34길,길음역금호어울림센터힐,8,59.5,2014,70000
2019-11-19,돈암동,동소문로34길,길음역금호어울림센터힐,6,119.56,2014,92500
2019-11-22,돈암동,정릉로,돈암현대아파트,6,41.58,1991,34500
2019-11-22,돈암동,정릉로,돈암현대아파트,7,41.58,1991,34000
2019-11-23,돈암동,정릉로,동부센트레빌,4,80.54,2003,68000
2019-11-23,돈암동,정릉로,돈암현대아파트,7,56.7,1991,45500
2019-11-24,돈암동,아리랑로,돈암코오롱하늘채,8,84.757,2016,86500
2019-11-25,돈암동,아리랑로,일신건영휴먼빌아파트,15,84.98,2005,64000
2019-11-25,돈암동,동소문로34길,길음역금호어울림센터힐,6,59.5,2014,68800
2019-11-27,돈암동,정릉로,동부센트레빌,16,80.54,2003,70000
2019-11-30,돈암동,아리랑로,일신건영휴먼빌아파트,5,117.16,2005,68000
2019-11-30,돈암동,정릉로,돈암현대아파트,5,41.58,1991,33900
2019-11-01,동소문동4가,동소문로3길,송산아파트,7,58.59,1998,42800
2019-11-02,동소문동4가,동소문로3길,송산아파트,18,58.59,1998,42000
2019-11-05,동소문동4가,동소문로3길,송산아파트,7,111.55,1998,61500
2019-11-13,동소문동4가,동소문로3길,송산아파트,6,58.59,1998,41500
2019-11-23,동소문동4가,동소문로3길,송산아파트,6,111.55,1998,67500
2019-11-26,동소문동5가,보문로38길,돈암동일하이빌,25,84.958,2006,78500
2019-11-02,삼선동2가,보문로29다길,삼선푸르지오,5,59.95,2008,59900
2019-11-05,삼선동2가,보문로29다길,삼선푸르지오,8,59.95,2008,59700
2019-11-08,삼선동2가,보문로29다길,삼선푸르지오,5,59.95,2008,58000
2019-11-11,삼선동2가,보문로29다길,삼선푸르지오,8,84.84,2008,67000
2019-11-11,삼선동2가,보문로29다길,삼선푸르지오,9,84.83,2008,66500
2019-11-13,삼선동2가,보문로29다길,삼선푸르지오,4,84.83,2008,65000
2019-11-14,삼선동2가,보문로29다길,삼선푸르지오,6,114.65,2008,72800
2019-11-15,삼선동2가,보문로29다길,삼선푸르지오,5,84.88,2008,64300
2019-11-16,삼선동2가,보문로29다길,삼선푸르지오,7,59.95,2008,58000
2019-11-18,삼선동2가,보문로29다길,삼선푸르지오,3,114.65,2008,71700
2019-11-19,삼선동2가,낙산길,삼선현대힐스테이트,1,84.71,2009,60000
2019-11-21,삼선동2가,보문로29다길,삼선푸르지오,2,114.65,2008,70000
2019-11-22,삼선동2가,보문로29다길,삼선푸르지오,8,59.95,2008,60000
2019-11-24,삼선동2가,보문로29다길,삼선푸르지오,2,84.88,2008,61500
2019-11-25,삼선동2가,보문로29다길,삼선푸르지오,12,114.65,2008,76000
2019-11-27,삼선동2가,보문로29다길,삼선푸르지오,5,59.95,2008,56700
2019-11-29,삼선동2가,보문로29다길,삼선푸르지오,2,59.95,2008,57500
2019-11-30,삼선동2가,보문로29다길,삼선푸르지오,4,84.83,2008,64000
2019-11-30,삼선동2가,보문로29다길,삼선푸르지오,9,59.95,2008,60800
2019-11-30,삼선동2가,보문로29다길,삼선푸르지오,2,114.65,2008,71000
2019-11-04,동선동3가,동소문로26마길,태극에버빌,3,107.51,2003,40300
2019-12-04,돈암동,아리랑로,일신건영휴먼빌아파트,13,117.16,2005,69500
2019-12-06,돈암동,아리랑로,일신건영휴먼빌아파트,2,117.16,2005,63000
2019-12-06,돈암동,정릉로,동부센트레빌,8,115.51,2003,75000
2019-12-07,돈암동,정릉로,돈암현대아파트,11,84.8,1991,56000
2019-12-11,돈암동,아리랑로,돈암코오롱하늘채,14,59.8616,2016,72000
2019-12-12,돈암동,아리랑로,돈암코오롱하늘채,9,84.9594,2016,87000
2019-12-12,돈암동,동소문로34길,길음역금호어울림센터힐,14,84.77,2014,85000
2019-12-14,돈암동,정릉로,돈암현대아파트,11,41.58,1991,36200
2019-12-14,돈암동,아리랑로,돈암코오롱하늘채,16,59.9342,2016,74000
2019-12-14,돈암동,아리랑로,돈암코오롱하늘채,16,84.8778,2016,89500
2019-12-14,돈암동,아리랑로,돈암코오롱하늘채,15,84.869,2016,88500
2019-12-15,돈암동,정릉로,돈암현대아파트,9,56.7,1991,44500
2019-12-16,돈암동,동소문로34길,길음역금호어울림센터힐,19,59.5,2014,70000
2019-12-16,돈암동,동소문로34길,길음역금호어울림센터힐,19,119.56,2014,98000
2019-12-17,돈암동,아리랑로,돈암코오롱하늘채,9,84.9594,2016,89500
2019-12-18,돈암동,정릉로,돈암현대아파트,13,84.39,1991,56800
2019-12-20,돈암동,정릉로,동부센트레빌,14,115.51,2003,84000
2019-12-20,돈암동,정릉로,동부센트레빌,1,80.54,2003,66750
2019-12-21,돈암동,아리랑로,일신건영휴먼빌아파트,2,84.98,2005,60300
2019-12-21,돈암동,정릉로,돈암현대아파트,5,41.58,1991,35300
2019-12-21,돈암동,정릉로,동부센트레빌,5,80.54,2003,69500
2019-12-28,돈암동,동소문로34길,길음역금호어울림센터힐,19,84.94,2014,83500
2019-12-28,돈암동,아리랑로,돈암코오롱하늘채,12,84.869,2016,90000
2019-12-29,돈암동,정릉로,동부센트레빌,3,80.54,2003,67000
2019-12-02,동소문동4가,동소문로3길,송산아파트,7,58.59,1998,43000
2019-12-09,동소문동4가,동소문로3길,송산아파트,3,58.59,1998,42500
2019-12-20,동소문동4가,동소문로3길,송산아파트,7,84.87,1998,61000
2019-12-21,동소문동4가,동소문로3길,송산아파트,14,84.87,1998,62700
2019-12-21,동소문동4가,동소문로3길,송산아파트,15,58.59,1998,46000
2019-12-23,동소문동4가,동소문로3길,송산아파트,14,111.55,1998,67000
2019-12-28,동소문동4가,동소문로3길,송산아파트,14,58.59,1998,44800
2019-12-02,삼선동2가,보문로29다길,삼선푸르지오,7,59.95,2008,59600
2019-12-02,삼선동2가,보문로29다길,삼선푸르지오,8,84.83,2008,67000
2019-12-04,삼선동2가,보문로29다길,삼선푸르지오,14,84.84,2008,68500
2019-12-06,삼선동2가,낙산길,삼선현대힐스테이트,9,56.83,2009,57700
2019-12-06,삼선동2가,보문로29다길,삼선푸르지오,12,84.83,2008,69700
2019-12-07,삼선동2가,보문로29다길,삼선푸르지오,9,84.53,2008,67000
2019-12-07,삼선동2가,낙산길,삼선현대힐스테이트,7,56.83,2009,59500
2019-12-08,삼선동2가,보문로29다길,삼선푸르지오,5,84.83,2008,67400
2019-12-09,삼선동2가,낙산길,삼선현대힐스테이트,2,56.83,2009,53800
2019-12-10,삼선동2가,낙산길,삼선현대힐스테이트,9,56.83,2009,57000
2019-12-10,삼선동2가,보문로29다길,삼선푸르지오,10,114.65,2008,78500
2019-12-15,삼선동2가,보문로29다길,삼선푸르지오,4,84.53,2008,67000
2019-12-19,삼선동2가,보문로29다길,삼선푸르지오,10,84.84,2008,70400
2019-12-21,삼선동2가,낙산길,삼선현대힐스테이트,1,56.83,2009,51700
2019-12-23,삼선동2가,낙산길,삼선현대힐스테이트,5,114.86,2009,72500
2019-12-26,삼선동2가,보문로29다길,삼선푸르지오,3,84.83,2008,68000
2019-10-08,미아동,월계로21나길,두예파크빌,1,48.88,2005,22000
2019-10-09,미아동,삼양로74길,경남아너스빌,15,62.7103,2008,47000
2019-10-12,미아동,삼양로74길,경남아너스빌,12,81.9853,2008,53000
2019-10-15,미아동,오패산로60길,신일해피트리,7,83.72,2006,44500
2019-10-16,미아동,삼양로74길,경남아너스빌,8,84.9134,2008,56500
2019-10-22,미아동,솔샘로,벽산라이브파크,5,114.68,2004,50700
2019-10-24,미아동,솔샘로,벽산라이브파크,9,60,2004,40000
2019-10-01,번동,오현로,해모로아파트,5,127.25,2003,50000
2019-10-05,번동,오현로31길,번동금호어울림,1,59.43,1998,28000
2019-10-05,번동,오현로,해모로아파트,12,59.98,2003,38500
2019-10-08,번동,월계로37길,신원,8,84.6,2000,38900
2019-10-11,번동,월계로37길,신원,3,84.6,2000,38000
2019-10-11,번동,월계로37길,신원,9,84.6,2000,40300
2019-10-17,번동,오현로31길,번동금호어울림,15,84.93,1998,41000
2019-10-17,번동,도봉로98길,삼성,16,59.77,1998,35750
2019-10-21,번동,월계로37길,신원,14,84.6,2000,40000
2019-10-17,수유동,도봉로71가길,태솔캡슬,7,49.37,2012,23500
2019-11-02,미아동,월계로21가길,미아한일유앤아이,14,84.552,2002,53500
2019-11-03,미아동,오패산로60길,신일해피트리,5,59.27,2006,34900
2019-11-06,미아동,솔샘로,벽산라이브파크,19,84.89,2004,47000
2019-11-07,미아동,솔샘로,벽산라이브파크,13,59.67,2004,37000
2019-11-09,미아동,도봉로,두원프라자,3,84.24,1996,42000
2019-11-09,미아동,솔샘로,벽산라이브파크,19,59.67,2004,36500
2019-11-17,미아동,삼양로74길,경남아너스빌,4,84.9134,2008,54500
2019-11-19,미아동,월계로21가길,미아한일유앤아이,4,84.552,2002,51500
2019-11-19,미아동,도봉로33길,성북프라자,8,68.675,2009,37100
2019-11-21,미아동,솔샘로,벽산라이브파크,6,59.67,2004,36250
2019-11-23,미아동,솔샘로,벽산라이브파크,20,60,2004,38900
2019-11-23,미아동,솔샘로,벽산라이브파크,19,59.67,2004,37500
2019-11-25,미아동,솔샘로,벽산라이브파크,18,84.89,2004,49000
2019-11-02,번동,오현로,해모로아파트,3,59.98,2003,35000
2019-11-06,번동,오현로31길,번동금호어울림,11,59.43,1998,34000
2019-11-07,번동,월계로37길,신원,6,84.6,2000,42000
2019-11-07,번동,월계로37길,신원,16,84.6,2000,39500
2019-11-13,번동,오현로31길,번동금호어울림,18,84.93,1998,43200
2019-11-20,번동,오현로,해모로아파트,3,84.93,2003,42000
2019-11-22,번동,월계로37길,신원,3,84.6,2000,39000
2019-11-25,번동,오현로31길,번동금호어울림,17,84.93,1998,41000
2019-11-22,수유동,노해로8길,경남아너스빌,13,84.59,2005,49000
2019-12-02,미아동,솔샘로,벽산라이브파크,1,114.68,2004,49000
2019-12-04,미아동,솔샘로,벽산라이브파크,15,114.68,2004,52000
2019-12-05,미아동,솔샘로,벽산라이브파크,13,59.67,2004,38000
2019-12-09,미아동,솔샘로,벽산라이브파크,11,84.89,2004,50000
2019-12-10,미아동,솔샘로,벽산라이브파크,24,84.89,2004,49000
2019-12-11,미아동,도봉로33길,성북프라자,5,68.675,2009,37500
2019-12-14,미아동,솔샘로,벽산라이브파크,15,59.67,2004,37500
2019-12-14,미아동,삼양로74길,경남아너스빌,6,84.8712,2008,56700
2019-12-15,미아동,월계로21가길,미아한일유앤아이,10,84.552,2002,51500
2019-12-16,미아동,솔샘로,벽산라이브파크,14,84.89,2004,49700
2019-12-16,미아동,솔샘로,벽산라이브파크,18,59.67,2004,37300
2019-12-17,미아동,솔샘로,벽산라이브파크,17,60,2004,41500
2019-12-17,미아동,솔샘로,벽산라이브파크,11,60,2004,40700
2019-12-19,미아동,솔샘로,벽산라이브파크,4,114.68,2004,53000
2019-12-19,미아동,월계로21나길,두예파크빌,3,46.36,2005,24500
2019-12-20,미아동,도봉로,두원프라자,6,84.24,1996,42000
2019-12-21,미아동,월계로21가길,미아한일유앤아이,7,68.303,2002,49000
2019-12-21,미아동,솔샘로,벽산라이브파크,4,114.68,2004,51000
2019-12-21,미아동,삼양로74길,경남아너스빌,9,84.9134,2008,57800
2019-12-23,미아동,솔샘로,벽산라이브파크,12,114.68,2004,52400
2019-12-23,미아동,월계로21가길,미아한일유앤아이,5,84.552,2002,50000
2019-12-24,미아동,도봉로33길,성북프라자,12,68.675,2009,39500
2019-12-26,미아동,솔샘로,벽산라이브파크,11,60,2004,42000
2019-12-26,미아동,솔샘로,벽산라이브파크,19,84.89,2004,47000
2019-12-27,미아동,솔샘로,벽산라이브파크,17,59.67,2004,36700
2019-12-27,미아동,솔샘로,벽산라이브파크,4,84.89,2004,48200
2019-12-28,미아동,도봉로33길,성북프라자,12,68.675,2009,37400
2019-12-30,미아동,월계로21가길,미아한일유앤아이,14,84.552,2002,52400
2019-12-31,미아동,솔샘로,벽산라이브파크,16,60,2004,41000
2019-12-06,번동,오현로,해모로아파트,20,84.93,2003,45000
2019-12-13,번동,도봉로98길,삼성,7,84.96,1998,44200
2019-12-20,번동,오현로31길,번동금호어울림,6,59.43,1998,35500
2019-12-21,번동,오현로,해모로아파트,7,84.93,2003,43700
2019-12-21,번동,오현로,해모로아파트,6,84.93,2003,45000
2019-12-23,번동,오현로,해모로아파트,16,59.98,2003,37000
2019-12-23,번동,도봉로98길,삼성,16,59.77,1998,37500
2019-12-26,번동,한천로,센트로힐,2,72.7695,2015,34000
2019-12-11,수유동,삼양로80길,태솔에버빌,4,84.86,2008,36000
2019-12-21,수유동,수유로23길,형인휴아름,8,83.82,2013,46900
2019-10-03,쌍문동,우이천로38길,삼보,4,77.1,2003,19000
2019-10-04,쌍문동,우이천로38길,청화,3,71.76,2000,22300
2019-10-04,쌍문동,우이천로,쌍문동삼성래미안,11,59.9899,2002,42000
2019-10-08,쌍문동,우이천로,쌍문동삼성래미안,11,114.9396,2002,63000
2019-10-08,쌍문동,해등로,성원,14,84.98,1989,39000
2019-10-09,쌍문동,노해로41가길,e편한세상,2,84.965,2007,50000
2019-10-14,쌍문동,시루봉로,파라다이스빌,13,59.33,2004,32900
2019-10-14,쌍문동,우이천로,쌍문동삼성래미안,7,59.9899,2002,43000
2019-10-15,쌍문동,해등로,성원,7,71.78,1989,31800
2019-10-16,쌍문동,우이천로,쌍문동삼성래미안,9,59.9899,2002,43500
2019-10-20,쌍문동,삼양로,북한산월드메르디앙,4,70.71,2005,42800
2019-10-29,쌍문동,도봉로137길,에덴,3,67.404,2001,28200
2019-10-01,방학동,시루봉로11길,극동아파트,8,84.935,1993,34000
2019-10-01,방학동,방학로7길,성원아파트,11,84.54,1996,39500
2019-10-01,방학동,시루봉로,청구아파트,11,84.97,1994,36800
2019-10-01,방학동,마들로,대상타운현대아파트,22,60,2001,51000
2019-10-01,방학동,시루봉로,동양크레오아파트,10,84.9661,2004,44000
2019-10-02,방학동,해등로,청구아파트,11,84.97,1994,36000
2019-10-04,방학동,도당로,삼익세라믹아파트,3,58.77,1988,26200
2019-10-04,방학동,시루봉로,청구아파트,8,84.97,1994,37500
2019-10-05,방학동,도당로,삼익세라믹아파트,8,74.105,1988,37000
2019-10-07,방학동,해등로,청구아파트,15,84.97,1994,39250
2019-10-08,방학동,해등로,청구아파트,3,84.97,1994,34500
2019-10-09,방학동,도봉로146길,브라운스톤방학아파트,23,84.9,2003,48000
2019-10-10,방학동,도봉로146길,브라운스톤방학아파트,8,84.9,2003,47800
2019-10-10,방학동,마들로,대상타운현대아파트,20,84.78,2001,66300
2019-10-11,방학동,시루봉로,청구아파트,4,84.97,1994,35700
2019-10-14,방학동,시루봉로,청구아파트,4,84.97,1994,38000
2019-10-14,방학동,도봉로150바길,금광포란재아파트,9,59.611,2005,40300
2019-10-16,방학동,마들로,대상타운현대아파트,16,60,2001,55000
2019-10-19,방학동,해등로,청구아파트,2,84.97,1994,34000
2019-10-19,방학동,마들로,대상타운현대아파트,17,84.78,2001,67750
2019-10-22,방학동,도당로15길,송학휴스테이,4,51.257,2016,27600
2019-10-22,방학동,방학로,신동아타워아파트,14,84.74,1997,31800
2019-10-22,방학동,마들로,대상타운현대아파트,1,84.78,2001,59900
2019-10-24,방학동,도당로,삼익세라믹아파트,2,58.77,1988,25000
2019-10-24,방학동,마들로,대상타운현대아파트,19,60,2001,50000
2019-10-31,방학동,도당로,삼익세라믹아파트,13,42.93,1988,22800
2019-10-31,방학동,마들로,대상타운현대아파트,5,60,2001,52000
2019-10-01,창동,노해로63가길,상아2차아파트,5,45.54,1988,34800
2019-10-03,창동,노해로63가길,상아2차아파트,8,45.54,1988,34500
2019-10-04,창동,해등로,상아1차아파트,10,69.03,1987,50000
2019-10-09,창동,해등로,상아1차아파트,8,58.59,1987,43000
2019-10-09,창동,해등로,상아1차아파트,14,58.59,1987,43300
2019-10-22,창동,노해로63가길,상아2차아파트,8,45.54,1988,34500
2019-10-28,창동,해등로,상아1차아파트,14,84.99,1987,50000
2019-10-29,창동,해등로,상아1차아파트,4,58.59,1987,43500
2019-10-31,창동,해등로,서울가든,5,136.74,1992,64000
2019-10-01,도봉동,마들로,서원,5,40.02,1996,21000
2019-10-01,도봉동,도봉로180길,동아에코빌,15,84.967,2003,46500
2019-10-02,도봉동,마들로,서원,13,49.77,1996,25800
2019-10-03,도봉동,도봉로180길,동아에코빌,11,84.967,2003,45250
2019-10-09,도봉동,마들로,서원,16,49.77,1996,23500
2019-10-11,도봉동,마들로,서원,15,59.51,1996,29700
2019-10-11,도봉동,도봉산길,서울가든,3,75.33,1987,31000
2019-10-14,도봉동,도봉로180길,동아에코빌,17,84.967,2003,48600
2019-10-16,도봉동,도봉산길,서울가든,4,75.33,1987,29500
2019-10-16,도봉동,마들로,서원,17,49.77,1996,25000
2019-10-17,도봉동,마들로,서원,10,49.77,1996,25300
2019-10-19,도봉동,도봉로180길,동아에코빌,18,105.976,2003,60000
2019-10-19,도봉동,마들로,서원,6,49.77,1996,26000
2019-10-21,도봉동,마들로,서원,1,49.77,1996,21800
2019-10-21,도봉동,마들로,서원,4,49.77,1996,25000
2019-10-21,도봉동,마들로,서원,12,49.77,1996,25750
2019-10-22,도봉동,마들로,서원,6,49.77,1996,25000
2019-10-23,도봉동,마들로,서원,5,59.51,1996,31200
2019-10-24,도봉동,마들로,서원,16,49.77,1996,23300
2019-10-24,도봉동,마들로,서원,16,49.77,1996,25200
2019-10-27,도봉동,도봉산길,서울가든,4,75.33,1987,30000
2019-10-28,도봉동,마들로,서원,12,49.77,1996,26300
2019-10-29,도봉동,마들로,서원,16,49.77,1996,25300
2019-10-30,도봉동,마들로,서원,7,49.77,1996,25500
2019-10-31,도봉동,마들로,서원,15,49.14,1996,24700
2019-11-15,쌍문동,시루봉로,파라다이스빌,8,84.84,2004,44000
2019-11-15,쌍문동,노해로40길,브라운스톤쌍문,6,84.97,2006,52000
2019-11-18,쌍문동,우이천로,쌍문동삼성래미안,4,59.9899,2002,43350
2019-11-19,쌍문동,우이천로,쌍문동삼성래미안,5,114.9396,2002,59000
2019-11-22,쌍문동,해등로,성원,14,71.78,1989,32300
2019-11-02,방학동,마들로,대상타운현대아파트,21,133.97,2001,74500
2019-11-02,방학동,마들로,대상타운현대아파트,12,84.78,2001,66800
2019-11-04,방학동,마들로,대상타운현대아파트,1,133.97,2001,61600
2019-11-05,방학동,시루봉로,동양크레오아파트,6,84.9501,2004,40300
2019-11-11,방학동,도당로,삼익세라믹아파트,8,58.77,1988,26500
2019-11-11,방학동,도당로,거성학마을아파트,13,59.99,1994,33800
2019-11-12,방학동,마들로,대상타운현대아파트,20,84.78,2001,65000
2019-11-15,방학동,마들로,대상타운현대아파트,14,84.78,2001,67400
2019-11-16,방학동,도당로6길,성원아파트,2,59.94,1996,29800
2019-11-16,방학동,마들로,대상타운현대아파트,16,133.97,2001,77000
2019-11-21,방학동,도봉로146길,브라운스톤방학아파트,5,84.9,2003,50500
2019-11-22,방학동,도당로15길,송학휴스테이,2,51.001,2016,24500
2019-11-22,방학동,도봉로146길,브라운스톤방학아파트,8,84.9,2003,50000
2019-11-27,방학동,시루봉로,동양크레오아파트,5,84.9696,2004,37000
2019-11-29,방학동,마들로,대상타운현대아파트,9,164.15,2001,82600
2019-11-30,방학동,방학로7길,성원아파트,6,84.54,1996,39500
2019-11-30,방학동,마들로,대상타운현대아파트,16,133.97,2001,80000
2019-11-30,방학동,마들로,대상타운현대아파트,14,84.78,2001,67700
2019-11-30,방학동,마들로,대상타운현대아파트,14,101.48,2001,71400
2019-11-30,방학동,마들로,대상타운현대아파트,2,133.97,2001,77200
2019-11-30,방학동,시루봉로,동양크레오아파트,4,84.9696,2004,41500
2019-11-01,창동,우이천로4라길,초안산신도브래뉴,1,84.9991,2005,38900
2019-11-04,창동,해등로,상아1차아파트,3,69.03,1987,47000
2019-11-08,창동,노해로63가길,상아2차아파트,8,45.54,1988,35500
2019-11-09,창동,덕릉로63길,새울아파트,5,84.78,2006,27000
2019-11-13,창동,해등로,상아1차아파트,8,45.54,1987,34500
2019-11-16,창동,해등로,상아1차아파트,8,45.54,1987,34000
2019-11-19,창동,해등로,상아1차아파트,12,58.59,1987,44900
2019-11-21,창동,우이천로4라길,초안산신도브래뉴,9,59.8329,2005,37000
2019-11-28,창동,해등로,상아1차아파트,10,45.54,1987,33500
2019-11-01,도봉동,마들로,서원,13,59.51,1996,29500
2019-11-01,도봉동,도봉로180길,동아에코빌,3,123.687,2003,63900
2019-11-02,도봉동,마들로,서원,15,49.77,1996,24800
2019-11-02,도봉동,도봉로180길,동아에코빌,14,105.976,2003,63500
2019-11-04,도봉동,마들로,서원,4,59.76,1996,28700
2019-11-05,도봉동,마들로,서원,18,39.85,1996,21400
2019-11-05,도봉동,마들로,서원,13,49.77,1996,25000
2019-11-07,도봉동,마들로,서원,6,49.77,1996,26400
2019-11-07,도봉동,도봉로180길,동아에코빌,16,84.967,2003,49000
2019-11-08,도봉동,마들로,서원,5,39.85,1996,21250
2019-11-12,도봉동,마들로,서원,6,49.77,1996,25500
2019-11-14,도봉동,마들로,서원,18,49.77,1996,24800
2019-11-15,도봉동,마들로,서원,5,49.77,1996,26000
2019-11-16,도봉동,도봉산길,서울가든,3,75.33,1987,29500
2019-11-16,도봉동,도봉로180길,동아에코빌,1,105.976,2003,56500
2019-11-19,도봉동,마들로,서원,11,49.77,1996,26700
2019-11-20,도봉동,마들로,서원,11,49.77,1996,25500
2019-11-21,도봉동,마들로,서원,9,49.77,1996,27300
2019-11-22,도봉동,마들로,서원,3,59.51,1996,31700
2019-11-27,도봉동,마들로,서원,1,49.77,1996,24000
2019-11-27,도봉동,마들로,서원,8,59.76,1996,31800
2019-11-29,도봉동,도봉로180길,동아에코빌,9,105.976,2003,64000
2019-11-30,도봉동,마들로,서원,8,59.76,1996,31000
2019-12-05,쌍문동,우이천로,쌍문동삼성래미안,9,59.9899,2002,43250
2019-12-07,쌍문동,우이천로,쌍문동삼성래미안,11,59.9899,2002,42900
2019-12-09,쌍문동,노해로40길,브라운스톤쌍문,7,84.969,2006,53500
2019-12-10,쌍문동,노해로40길,브라운스톤쌍문,8,74.8,2006,50000
2019-12-12,쌍문동,도봉로137길,에덴,8,67.404,2001,28000
2019-12-16,쌍문동,노해로41가길,e편한세상,5,84.965,2007,52200
2019-12-18,쌍문동,삼양로,북한산월드메르디앙,9,82.09,2005,57000
2019-12-21,쌍문동,해등로,성원,5,84.98,1989,41000
2019-12-21,쌍문동,해등로,성원,12,71.78,1989,36000
2019-12-21,쌍문동,해등로,성원,12,84.98,1989,39500
2019-12-27,쌍문동,도봉로129길,경남,1,44.5,1988,17500
2019-12-28,쌍문동,노해로,신일라이프,2,59.47,2002,27500
2019-12-30,쌍문동,해등로,성원,9,71.78,1989,34000
2019-12-02,방학동,마들로,대상타운현대아파트,11,60,2001,54400
2019-12-02,방학동,마들로,대상타운현대아파트,11,84.78,2001,67500
2019-12-02,방학동,마들로,대상타운현대아파트,21,60,2001,55000
2019-12-03,방학동,마들로,대상타운현대아파트,5,60,2001,53000
2019-12-03,방학동,도당로,거성학마을아파트,16,84.93,1994,40100
2019-12-04,방학동,도봉로146길,브라운스톤방학아파트,3,84.9,2003,49300
2019-12-07,방학동,도봉로150바길,금광포란재아파트,4,59.611,2005,35750
2019-12-07,방학동,마들로,대상타운현대아파트,14,60,2001,54300
2019-12-10,방학동,시루봉로,청구아파트,1,72.21,1994,27000
2019-12-10,방학동,마들로,대상타운현대아파트,4,164.15,2001,82000
2019-12-10,방학동,해등로,청구아파트,8,84.97,1994,38750
2019-12-11,방학동,마들로,대상타운현대아파트,7,60,2001,54000
2019-12-16,방학동,마들로,대상타운현대아파트,15,84.78,2001,69500
2019-12-20,방학동,마들로,대상타운현대아파트,19,84.78,2001,62000
2019-12-20,방학동,시루봉로,청구아파트,13,84.97,1994,39000
2019-12-21,방학동,마들로,대상타운현대아파트,4,101.4,2001,71000
2019-12-23,방학동,도당로,삼익세라믹아파트,2,58.77,1988,27400
2019-12-23,방학동,시루봉로,청구아파트,10,84.97,1994,36500
2019-12-24,방학동,도당로,삼익세라믹아파트,8,84.96,1988,41300
2019-12-26,방학동,마들로,대상타운현대아파트,4,164.15,2001,82000
2019-12-26,방학동,시루봉로,청구아파트,5,84.97,1994,42000
2019-12-27,방학동,방학로7길,성원아파트,12,84.54,1996,40000
2019-12-28,방학동,시루봉로11길,극동아파트,3,84.935,1993,30000
2019-12-30,방학동,도당로,거성학마을아파트,13,84.93,1994,40800
2019-12-12,창동,해등로,상아1차아파트,1,58.59,1987,41000
2019-12-14,창동,해등로,상아1차아파트,13,45.54,1987,34000
2019-12-15,창동,해등로,상아1차아파트,4,69.03,1987,50650
2019-12-16,창동,우이천로4라길,초안산신도브래뉴,16,84.9991,2005,43000
2019-12-18,창동,해등로,상아1차아파트,10,58.59,1987,48000
2019-12-21,창동,해등로,상아1차아파트,11,84.99,1987,58000
2019-12-25,창동,덕릉로,파크힐,5,59.03,2013,24000
2019-12-02,도봉동,도봉로180길,동아에코빌,2,84.967,2003,48000
2019-12-02,도봉동,마들로,서원,14,49.77,1996,25180
2019-12-02,도봉동,도봉산길,서울가든,4,75.33,1987,29000
2019-12-03,도봉동,마들로,서원,9,49.77,1996,25700
2019-12-03,도봉동,도봉로180길,동아에코빌,20,84.967,2003,47700
2019-12-05,도봉동,도봉산길,서울가든,6,75.33,1987,32800
2019-12-07,도봉동,마들로,서원,13,40.02,1996,21500
2019-12-07,도봉동,마들로,서원,6,49.77,1996,26000
2019-12-09,도봉동,도봉산길,서울가든,12,75.33,1987,29000
2019-12-12,도봉동,마들로,서원,14,40.02,1996,21500
2019-12-13,도봉동,마들로,서원,1,49.77,1996,21000
2019-12-16,도봉동,도봉로180길,동아에코빌,16,105.976,2003,64000
2019-12-17,도봉동,마들로,서원,1,40.02,1996,20000
2019-12-18,도봉동,마들로,서원,2,49.77,1996,24300
2019-12-20,도봉동,도봉산길,서울가든,6,75.33,1987,30000
2019-12-24,도봉동,마들로,서원,12,59.76,1996,31000
2019-12-25,도봉동,도봉로180길,동아에코빌,10,84.967,2003,48000
2019-12-30,도봉동,마들로,서원,13,49.77,1996,26500
2019-10-01,월계동,광운로,월계역신도브래뉴,15,84.5133,2005,50000
2019-10-04,월계동,마들로,미성,4,50.14,1986,49400
2019-10-04,월계동,마들로,미성,5,33.28,1986,40900
2019-10-05,월계동,광운로,월계역신도브래뉴,12,59.8587,2005,40000
2019-10-05,월계동,광운로,월계역신도브래뉴,9,117.1038,2005,59000
2019-10-07,월계동,마들로,미성,1,33.28,1986,39800
2019-10-08,월계동,석계로,현대,24,59.95,2000,49000
2019-10-09,월계동,마들로,미성,13,50.14,1986,49500
2019-10-11,월계동,석계로,현대,19,114.99,2000,64000
2019-10-12,월계동,마들로,미성,3,33.28,1986,41000
2019-10-14,월계동,마들로,미성,2,50.14,1986,48500
2019-10-15,월계동,석계로,현대,25,114.99,2000,69500
2019-10-15,월계동,마들로,미성,10,50.14,1986,50000
2019-10-15,월계동,마들로5길,녹천역두산위브아파트,7,84.9094,2017,56300
2019-10-17,월계동,광운로,월계역신도브래뉴,9,84.5133,2005,54500
2019-10-19,월계동,석계로,현대,7,59.95,2000,48000
2019-10-19,월계동,마들로5길,녹천역두산위브아파트,2,84.8218,2017,54700
2019-10-19,월계동,석계로,현대,1,59.95,2000,40000
2019-10-22,월계동,석계로,현대,3,59.95,2000,50000
2019-10-23,월계동,석계로,현대,3,114.99,2000,63000
2019-10-24,월계동,광운로,월계역신도브래뉴,2,59.8587,2005,40800
2019-10-24,월계동,마들로,미성,5,50.14,1986,50000
2019-10-25,월계동,석계로,현대,5,114.99,2000,64000
2019-10-26,월계동,마들로5길,녹천역두산위브아파트,6,84.9343,2017,56500
2019-10-29,월계동,마들로,미성,2,33.28,1986,43000
2019-10-29,월계동,석계로,현대,2,114.99,2000,69000
2019-10-01,공릉동,공릉로46길,삼익아파트,4,51.03,1995,31600
2019-10-01,공릉동,공릉로34길,태강아파트,4,49.6,1999,33000
2019-10-01,공릉동,공릉로46길,삼익아파트,5,84.6,1995,48500
2019-10-01,공릉동,화랑로51길,화랑타운아파트,4,84.65,2000,60000
2019-10-02,공릉동,공릉로34길,효성아파트,16,126.78,1999,70000
2019-10-03,공릉동,화랑로51길,비선아파트,7,59.87,1999,41300
2019-10-03,공릉동,동일로,노원 프레미어스 엠코,10,84.0408,2016,62500
2019-10-04,공릉동,동일로192나길,신원아파트,7,59.59,2000,35750
2019-10-04,공릉동,섬밭로,삼익아파트,10,59.89,1997,32500
2019-10-05,공릉동,노원로1길,대명아파트,5,62.04,1989,35000
2019-10-05,공릉동,공릉로46길,삼익아파트,11,51.03,1995,32000
2019-10-05,공릉동,화랑로51길,비선아파트,5,48.6,1999,31400
2019-10-05,공릉동,화랑로51길,비선아파트,3,59.87,1999,38800
2019-10-05,공릉동,화랑로51길,비선아파트,13,59.87,1999,39200
2019-10-05,공릉동,공릉로,동신아파트,14,59.99,1999,40000
2019-10-07,공릉동,화랑로51길,비선아파트,9,59.74,1999,41000
2019-10-07,공릉동,섬밭로,동아하이빌아파트,6,81.56,2002,34000
2019-10-07,공릉동,공릉로46길,공릉동 한보에센시티아파트,12,114.84,2000,60000
2019-10-07,공릉동,공릉로27길,현대성우아파트,11,84.96,2000,45000
2019-10-08,공릉동,노원로1길,대명아파트,3,66.24,1989,28000
2019-10-08,공릉동,공릉로46길,삼익아파트,4,51.03,1995,29200
2019-10-08,공릉동,공릉로46길,삼익아파트,11,84.6,1995,49700
2019-10-09,공릉동,노원로1길,대명아파트,1,66.24,1989,36800
2019-10-09,공릉동,공릉로,동신아파트,7,59.99,1999,37500
2019-10-09,공릉동,화랑로,효성아파트,3,73.18,1995,49700
2019-10-09,공릉동,공릉로46길,공릉동 한보에센시티아파트,10,59.4,2000,39500
2019-10-09,공릉동,공릉로46길,삼익아파트,7,51.03,1995,31000
2019-10-09,공릉동,공릉로27길,현대성우아파트,11,59.98,2000,36500
2019-10-10,공릉동,공릉로27길,현대성우아파트,12,59.98,2000,36500
2019-10-10,공릉동,동일로198길,공릉우성아파트,10,84.97,1995,49200
2019-10-11,공릉동,공릉로34길,태강아파트,4,49.6,1999,34000
2019-10-11,공릉동,화랑로51길,비선아파트,13,59.87,1999,42500
2019-10-12,공릉동,공릉로51길,건영장미아파트,14,59.87,1999,34700
2019-10-12,공릉동,공릉로,동신아파트,15,114.98,1999,63000
2019-10-12,공릉동,공릉로,동신아파트,9,59.99,1999,41000
2019-10-12,공릉동,동일로198길,공릉우성아파트,11,84.97,1995,54500
2019-10-12,공릉동,공릉로34길,삼익2차아파트,16,54.74,2004,40500
2019-10-12,공릉동,공릉로46길,공릉동 한보에센시티아파트,4,84.93,2000,49500
2019-10-12,공릉동,동일로177길,녹주아파트,6,84.7368,2002,41800
2019-10-12,공릉동,공릉로,비콘아파트,3,84.98,2004,45000
2019-10-12,공릉동,공릉로,동부아파트,6,59.34,1996,33400
2019-10-12,공릉동,공릉로46길,공릉동 한보에센시티아파트,2,114.84,2000,55500
2019-10-12,공릉동,화랑로51길,화랑타운아파트,2,84.65,2000,59700
2019-10-12,공릉동,공릉로34길,태강아파트,13,49.6,1999,34800
2019-10-12,공릉동,공릉로34길,태강아파트,13,49.6,1999,32000
2019-10-12,공릉동,노원로,우방아파트,15,84.881,2000,52500
2019-10-14,공릉동,노원로1길,대명아파트,4,67.44,1989,35950
2019-10-15,공릉동,동일로190길,진명비베레,2,13.9092,2012,8500
2019-10-15,공릉동,공릉로,동부아파트,2,59.34,1996,35000
2019-10-15,공릉동,공릉로34길,태강아파트,11,49.6,1999,33700
2019-10-16,공릉동,화랑로51길,비선아파트,4,59.97,1999,39700
2019-10-17,공릉동,동일로191길,신명아파트,11,59.99,1995,26200
2019-10-18,공릉동,공릉로27길,현대성우아파트,3,59.98,2000,32000
2019-10-19,공릉동,노원로,우방아파트,2,61.151,2000,39300
2019-10-19,공릉동,공릉로34길,삼익2차아파트,8,54.74,2004,36000
2019-10-19,공릉동,화랑로51길,화랑타운아파트,1,84.65,2000,59000
2019-10-19,공릉동,공릉로34길,삼익2차아파트,14,84.458,2004,50500
2019-10-21,공릉동,공릉로34길,태강아파트,2,49.6,1999,31500
2019-10-21,공릉동,동일로175길,대동아파트,1,59.83,1999,31900
2019-10-21,공릉동,공릉로34길,삼익2차아파트,7,54.74,2004,37000
2019-10-22,공릉동,노원로,우방아파트,5,84.881,2000,52900
2019-10-22,공릉동,화랑로51길,비선아파트,12,48.6,1999,34000
2019-10-22,공릉동,노원로,우방아파트,3,61.151,2000,40800
2019-10-23,공릉동,공릉로51길,건영장미아파트,7,59.87,1999,35500
2019-10-24,공릉동,섬밭로,삼익아파트,11,59.89,1997,36500
2019-10-24,공릉동,공릉로,두산힐스빌아파트,15,84.9,2000,58800
2019-10-24,공릉동,공릉로34길,태강아파트,3,49.6,1999,34000
2019-10-25,공릉동,노원로,우방아파트,14,84.881,2000,56000
2019-10-25,공릉동,공릉로34길,효성아파트,11,126.78,1999,60000
2019-10-26,공릉동,화랑로51길,화랑타운아파트,6,84.65,2000,63000
2019-10-26,공릉동,공릉로34길,태강아파트,10,59.38,1999,44200
2019-10-26,공릉동,동일로,노원 프레미어스 엠코,34,84.0261,2016,72500
2019-10-26,공릉동,동일로175길,대동아파트,6,84.97,1999,45900
2019-10-26,공릉동,동일로192나길,신원아파트,9,59.59,2000,36000
2019-10-28,공릉동,동일로190길,참다움아파트,1,74.4276,2012,27900
2019-10-28,공릉동,공릉로,동신아파트,1,114.98,1999,56000
2019-10-28,공릉동,동일로175길,대동아파트,1,59.83,1999,31800
2019-10-28,공릉동,공릉로,동신아파트,7,59.99,1999,38500
2019-10-28,공릉동,노원로,우방아파트,3,60.502,2000,44000
2019-10-28,공릉동,공릉로34길,태강아파트,10,59.34,1999,44500
2019-10-29,공릉동,동일로198길,공릉우성아파트,9,59.26,1995,37000
2019-10-29,공릉동,공릉로46길,공릉동 한보에센시티아파트,2,59.4,2000,37500
2019-10-29,공릉동,공릉로46길,공릉동 한보에센시티아파트,12,84.93,2000,51800
2019-10-31,공릉동,공릉로46길,삼익아파트,13,51.03,1995,32000
2019-10-01,하계동,섬밭로,현대,2,84.95,1988,64700
2019-10-01,하계동,섬밭로,건영,11,53.14,1988,38500
2019-10-02,하계동,섬밭로,현대,12,84.95,1988,67800
2019-10-04,하계동,섬밭로,건영,12,53.14,1988,38300
2019-10-04,하계동,섬밭로,건영,10,53.14,1988,39000
2019-10-06,하계동,공릉로59길,미성,15,84.94,1989,58900
2019-10-07,하계동,섬밭로,우성,14,84.91,1988,67000
2019-10-07,하계동,섬밭로,건영,2,45.55,1988,29400
2019-10-09,하계동,섬밭로,우성,14,127.22,1988,80000
2019-10-09,하계동,섬밭로,우성,11,84.91,1988,65700
2019-10-13,하계동,섬밭로,우성,2,84.91,1988,65000
2019-10-14,하계동,섬밭로,우성,2,84.91,1988,65000
2019-10-15,하계동,공릉로59길,미성,3,84.94,1989,42500
2019-10-16,하계동,섬밭로,건영,2,74.58,1988,55400
2019-10-17,하계동,섬밭로,우성,5,84.91,1988,65500
2019-10-18,하계동,섬밭로,건영,7,53.14,1988,40000
2019-10-19,하계동,섬밭로,건영,7,53.14,1988,36900
2019-10-19,하계동,섬밭로,현대,8,71.68,1988,60000
2019-10-19,하계동,섬밭로,현대,11,84.95,1988,70250
2019-10-21,하계동,공릉로59길,미성,2,57.97,1989,42500
2019-10-22,하계동,섬밭로,우성,3,84.91,1988,64700
2019-10-25,하계동,섬밭로,건영,13,65.43,1988,49000
2019-10-26,하계동,섬밭로,건영,15,65.43,1988,46500
2019-10-26,하계동,공릉로59길,미성,11,118.52,1989,74500
2019-10-26,하계동,섬밭로,현대,15,71.68,1988,59200
2019-10-29,하계동,공릉로59길,미성,12,72.17,1989,55000
2019-10-31,하계동,섬밭로,현대,13,71.68,1988,61600
2019-10-01,상계동,수락산로,대창센시티,8,84.8577,2002,41000
2019-10-05,상계동,동일로248길,수락파크빌,3,114.82,2001,65700
2019-10-15,상계동,노원로26나길,문수해오름,5,59.38,2003,29700
2019-10-16,상계동,동일로216길,한양,12,87.49,1988,58750
2019-10-17,상계동,동일로216길,한양,7,87.49,1988,58000
2019-10-19,상계동,동일로230가길,우림루미아트1,12,84.887,2004,52500
2019-10-21,상계동,동일로216길,한양,4,86.62,1988,59450
2019-10-24,상계동,동일로248길,수락파크빌,1,114.82,2001,63000
2019-10-25,상계동,동일로216길,한양,3,86.62,1988,56000
2019-10-26,상계동,동일로221길,대림,11,93.13,1988,71800
2019-10-26,상계동,동일로230가길,우림루미아트1,5,84.887,2004,52500
2019-10-04,중계동,중계로14나길,삼성,7,59.9,1999,37200
2019-10-07,중계동,중계로14나길,삼성,13,84.75,1999,57500
2019-10-12,중계동,섬밭로,경남,7,84.97,1989,62500
2019-10-12,중계동,섬밭로,경남,15,74.2,1989,54000
2019-10-12,중계동,중계로14나길,삼성,16,59.9,1999,37500
2019-10-19,중계동,섬밭로,경남,10,50.97,1989,37500
2019-10-26,중계동,중계로14나길,삼성,9,84.75,1999,61900
2019-10-29,중계동,중계로14나길,삼성,9,59.9,1999,37000
2019-10-29,중계동,중계로14나길,삼성,6,84.75,1999,54500
2019-10-29,중계동,한글비석로,대호,9,59.98,2000,39800
2019-11-01,월계동,광운로19길,성북역신도브래뉴,14,84.8437,2005,55000
2019-11-02,월계동,마들로,미성,7,50.14,1986,50400
2019-11-02,월계동,마들로5길,녹천역두산위브아파트,2,84.8514,2017,56000
2019-11-04,월계동,마들로,미성,9,50.14,1986,49200
2019-11-04,월계동,석계로,성북맨션,2,65.35,1976,41500
2019-11-05,월계동,마들로5길,녹천역두산위브아파트,5,84.9094,2017,59000
2019-11-07,월계동,마들로5길,녹천역두산위브아파트,6,117.4637,2017,73000
2019-11-08,월계동,광운로19길,성북역신도브래뉴,9,84.8437,2005,56800
2019-11-09,월계동,마들로,미성,1,50.14,1986,48650
2019-11-09,월계동,마들로5길,녹천역두산위브아파트,4,84.9094,2017,57000
2019-11-09,월계동,광운로19길,성북역신도브래뉴,4,59.8215,2005,49000
2019-11-12,월계동,마들로,미성,7,50.14,1986,51000
2019-11-13,월계동,석계로,현대,15,59.95,2000,49800
2019-11-14,월계동,광운로19길,성북역신도브래뉴,6,84.917,2005,54000
2019-11-15,월계동,석계로,현대,11,59.95,2000,46900
2019-11-19,월계동,마들로,미성,6,50.14,1986,51000
2019-11-19,월계동,석계로,현대,25,59.95,2000,50500
2019-11-21,월계동,마들로,미성,5,33.28,1986,40800
2019-11-22,월계동,마들로,미성,5,33.28,1986,42500
2019-11-22,월계동,석계로,현대,12,59.95,2000,51900
2019-11-23,월계동,마들로,미성,6,50.14,1986,52200
2019-11-23,월계동,광운로,월계역신도브래뉴,13,59.8587,2005,42500
2019-11-23,월계동,마들로,미성,3,50.14,1986,50000
2019-11-23,월계동,석계로,현대,2,59.95,2000,46500
2019-11-25,월계동,마들로,미성,12,50.14,1986,51800
2019-11-25,월계동,마들로,미성,1,33.28,1986,43000
2019-11-26,월계동,마들로,미성,1,50.14,1986,48500
2019-11-28,월계동,마들로,미성,11,50.14,1986,52000
2019-11-29,월계동,마들로5길,녹천역두산위브아파트,3,84.9343,2017,56000
2019-11-30,월계동,마들로,미성,5,33.28,1986,42000
2019-11-30,월계동,마들로,미성,14,50.14,1986,50000
2019-11-02,공릉동,공릉로34길,태강아파트,7,59.34,1999,44800
2019-11-02,공릉동,동일로176길,백영아파트,2,79.92,2004,31000
2019-11-02,공릉동,공릉로,동부아파트,4,59.34,1996,32800
2019-11-02,공릉동,공릉로34길,태강아파트,13,49.6,1999,33500
2019-11-02,공릉동,공릉로46길,공릉동 한보에센시티아파트,5,59.4,2000,40400
2019-11-02,공릉동,화랑로51길,화랑타운아파트,1,84.65,2000,58000
2019-11-02,공릉동,동일로,노원 프레미어스 엠코,13,84.0261,2016,70000
2019-11-02,공릉동,동일로,노원 프레미어스 엠코,16,84.0408,2016,65000
2019-11-04,공릉동,공릉로51길,건영장미아파트,5,84.88,1999,49800
2019-11-05,공릉동,공릉로34길,태강아파트,4,49.6,1999,33900
2019-11-05,공릉동,공릉로,동부아파트,1,84.79,1996,44900
2019-11-05,공릉동,노원로,우방아파트,13,61.151,2000,41500
2019-11-05,공릉동,공릉로51길,태승훼미리아파트,1,83.7,2009,40300
2019-11-06,공릉동,공릉로46길,공릉동 한보에센시티아파트,14,59.4,2000,40500
2019-11-06,공릉동,공릉로,두산힐스빌아파트,16,84.9,2000,58000
2019-11-08,공릉동,공릉로34길,태강아파트,8,59.34,1999,44500
2019-11-09,공릉동,공릉로34길,태강아파트,11,49.6,1999,34000
2019-11-09,공릉동,공릉로34길,효성아파트,9,59.84,1999,41900
2019-11-11,공릉동,화랑로,효성아파트,1,73.18,1995,50000
2019-11-11,공릉동,공릉로34길,태강아파트,9,49.6,1999,37000
2019-11-11,공릉동,공릉로34길,효성아파트,10,59.84,1999,41000
2019-11-12,공릉동,공릉로34길,태강아파트,1,49.6,1999,30000
2019-11-13,공릉동,화랑로51길,화랑타운아파트,6,84.65,2000,61800
2019-11-13,공릉동,공릉로34길,태강아파트,12,59.38,1999,44300
2019-11-13,공릉동,공릉로,동신아파트,7,114.98,1999,69500
2019-11-13,공릉동,공릉로,동신아파트,1,84.97,1999,48000
2019-11-13,공릉동,동일로192나길,신원아파트,13,84.99,2000,50000
2019-11-13,공릉동,공릉로34길,태강아파트,3,59.38,1999,43700
2019-11-14,공릉동,화랑로51길,비선아파트,1,48.6,1999,28500
2019-11-15,공릉동,화랑로51길,화랑타운아파트,6,84.65,2000,64500
2019-11-15,공릉동,동일로,노원 프레미어스 엠코,23,84.0261,2016,68000
2019-11-15,공릉동,공릉로46길,삼익아파트,4,51.03,1995,30900
2019-11-16,공릉동,화랑로51길,화랑타운아파트,9,84.65,2000,65000
2019-11-16,공릉동,공릉로,동부아파트,10,59.34,1996,34900
2019-11-16,공릉동,화랑로,효성아파트,4,73.18,1995,49000
2019-11-16,공릉동,화랑로51길,비선아파트,13,59.74,1999,42500
2019-11-18,공릉동,공릉로46길,공릉동 한보에센시티아파트,9,59.4,2000,38000
2019-11-18,공릉동,공릉로,두산힐스빌아파트,5,114.72,2000,68400
2019-11-18,공릉동,공릉로46길,삼익아파트,6,84.6,1995,49600
2019-11-19,공릉동,공릉로,동신아파트,4,84.97,1999,57500
2019-11-19,공릉동,공릉로34길,태강아파트,2,49.6,1999,33400
2019-11-20,공릉동,공릉로41가길,한진아파트,5,84.85,2007,35000
2019-11-21,공릉동,공릉로27길,현대성우아파트,8,59.98,2000,38300
2019-11-22,공릉동,화랑로51길,화랑타운아파트,2,84.74,2000,60000
2019-11-22,공릉동,공릉로,두산힐스빌아파트,6,84.9,2000,58500
2019-11-22,공릉동,공릉로,동부아파트,6,84.79,1996,47900
2019-11-23,공릉동,화랑로51길,화랑타운아파트,1,84.65,2000,59400
2019-11-23,공릉동,공릉로34길,태강아파트,3,49.6,1999,33300
2019-11-23,공릉동,공릉로34길,태강아파트,13,59.38,1999,44800
2019-11-23,공릉동,공릉로34길,태강아파트,10,49.6,1999,37000
2019-11-23,공릉동,화랑로51길,화랑타운아파트,6,84.65,2000,64500
2019-11-25,공릉동,공릉로46길,공릉동 한보에센시티아파트,12,59.4,2000,37500
2019-11-25,공릉동,공릉로34길,태강아파트,14,59.38,1999,44000
2019-11-25,공릉동,공릉로,비콘아파트,9,65.221,2004,41500
2019-11-27,공릉동,공릉로34길,태강아파트,4,49.6,1999,32800
2019-11-27,공릉동,화랑로51길,비선아파트,12,59.74,1999,41500
2019-11-27,공릉동,섬밭로,삼익아파트,15,84.77,1997,48000
2019-11-28,공릉동,공릉로46길,삼익아파트,5,84.6,1995,47850
2019-11-28,공릉동,노원로1길,대명아파트,5,57.96,1989,35000
2019-11-29,공릉동,공릉로27길,현대성우아파트,1,59.98,2000,32000
2019-11-30,공릉동,화랑로51길,화랑타운아파트,9,84.65,2000,65000
2019-11-30,공릉동,화랑로,효성아파트,3,73.18,1995,52000
2019-11-30,공릉동,동일로183길,서경하누리아파트,6,68.77,2005,29500
2019-11-30,공릉동,노원로,우방아파트,13,84.881,2000,57000
2019-11-30,공릉동,동일로176길,백영아파트,4,69.85,2004,26500
2019-11-01,하계동,섬밭로,현대,5,84.96,1988,68400
2019-11-01,하계동,공릉로59길,미성,13,72.17,1989,56500
2019-11-06,하계동,섬밭로,우성,1,127.22,1988,75000
2019-11-07,하계동,섬밭로,건영,5,84.93,1988,59000
2019-11-08,하계동,섬밭로,현대,11,71.68,1988,60000
2019-11-08,하계동,섬밭로,건영,4,53.14,1988,37000
2019-11-09,하계동,공릉로59길,미성,6,84.94,1989,60000
2019-11-09,하계동,섬밭로,현대,11,84.95,1988,69000
2019-11-15,하계동,섬밭로,현대,1,71.68,1988,56500
2019-11-16,하계동,공릉로59길,미성,7,72.17,1989,54200
2019-11-16,하계동,공릉로59길,미성,8,84.94,1989,64000
2019-11-16,하계동,섬밭로,우성,12,84.91,1988,66800
2019-11-19,하계동,공릉로59길,미성,11,118.52,1989,74500
2019-11-20,하계동,섬밭로,우성,1,84.91,1988,60500
2019-11-20,하계동,섬밭로,건영,14,74.58,1988,57000
2019-11-22,하계동,공릉로59길,미성,3,72.17,1989,56500
2019-11-23,하계동,공릉로59길,미성,5,57.97,1989,45000
2019-11-25,하계동,섬밭로,건영,5,45.55,1988,30400
2019-11-25,하계동,섬밭로,건영,3,65.43,1988,48900
2019-11-27,하계동,섬밭로,건영,10,74.58,1988,54500
2019-11-30,하계동,섬밭로,건영,14,45.55,1988,32500
2019-11-30,하계동,섬밭로,우성,1,84.91,1988,62700
2019-11-01,상계동,동일로216길,한양,5,87.49,1988,57500
2019-11-01,상계동,덕릉로70가길,중계센트럴파크,5,59.75,2016,59800
2019-11-02,상계동,동일로221길,대림,10,93.13,1988,72000
2019-11-05,상계동,누원로,수락리버시티4단지,15,84.81,2009,48300
2019-11-06,상계동,상계로5길,동양엔파트,5,84.88,2003,74200
2019-11-06,상계동,상계로5길,동양엔파트,10,84.88,2003,73000
2019-11-10,상계동,덕릉로70가길,중계센트럴파크,4,59.75,2016,57000
2019-11-14,상계동,상계로5길,동양엔파트,4,84.88,2003,69500
2019-11-15,상계동,덕릉로70가길,중계센트럴파크,7,84.53,2016,73000
2019-11-18,상계동,상계로5길,동양엔파트,1,84.88,2003,64000
2019-11-21,상계동,동일로216길,한양,12,87.49,1988,58000
2019-11-22,상계동,덕릉로115다길,건영,3,84.77,2003,38900
2019-11-25,상계동,상계로5길,동양엔파트,17,84.88,2003,77250
2019-11-28,상계동,노원로26나길,문수해오름,10,83.24,2003,38000
2019-11-29,상계동,동일로221길,대림,11,93.75,1988,71800
2019-11-01,중계동,섬밭로,경남,9,84.97,1989,58800
2019-11-01,중계동,중계로14나길,삼성,4,59.9,1999,36500
2019-11-04,중계동,중계로14나길,삼성,9,84.75,1999,59800
2019-11-05,중계동,덕릉로94길,경남아너스빌,7,79.098,2002,53000
2019-11-07,중계동,덕릉로94길,경남아너스빌,9,79.098,2002,54500
2019-11-14,중계동,섬밭로,경남,2,84.97,1989,61500
2019-11-16,중계동,중계로14나길,삼성,13,84.75,1999,59000
2019-11-28,중계동,중계로14나길,삼성,17,114.49,1999,75000
2019-11-29,중계동,중계로14나길,삼성,1,84.75,1999,50800
2019-11-30,중계동,중계로14나길,삼성,6,59.9,1999,37000
2019-11-30,중계동,중계로8길,현대그린,4,84.99,1998,46900
2019-12-03,월계동,마들로,미성,6,50.14,1986,52000
2019-12-03,월계동,석계로,현대,7,59.95,2000,52000
2019-12-07,월계동,마들로,미성,5,50.14,1986,51500
2019-12-07,월계동,마들로,미성,13,50.14,1986,53000
2019-12-10,월계동,석계로,현대,14,59.95,2000,52000
2019-12-10,월계동,마들로,미성,5,50.14,1986,51500
2019-12-14,월계동,마들로,미성,8,50.14,1986,52000
2019-12-14,월계동,마들로5길,녹천역두산위브아파트,2,84.8218,2017,58700
2019-12-14,월계동,월계로53길,동원베네스트,1,59.854,2005,40800
2019-12-18,월계동,석계로,현대,20,59.95,2000,52500
2019-12-18,월계동,석계로,현대,11,59.95,2000,50900
2019-12-18,월계동,석계로,현대,18,59.95,2000,52000
2019-12-21,월계동,석계로,현대,8,84.98,2000,64250
2019-12-23,월계동,석계로,현대,15,114.99,2000,73000
2019-12-24,월계동,석계로,현대,12,84.98,2000,60000
2019-12-24,월계동,마들로,미성,1,33.28,1986,43000
2019-12-25,월계동,마들로,미성,5,33.28,1986,43800
2019-12-31,월계동,마들로,미성,14,50.14,1986,52450
2019-12-31,월계동,마들로,미성,1,33.28,1986,44700
2019-12-02,공릉동,노원로,우방아파트,9,61.151,2000,42800
2019-12-03,공릉동,공릉로34길,태강아파트,14,49.6,1999,36300
2019-12-06,공릉동,화랑로51길,화랑타운아파트,9,84.65,2000,56500
2019-12-06,공릉동,공릉로34길,태강아파트,12,49.6,1999,35300
2019-12-06,공릉동,공릉로34길,태강아파트,12,59.38,1999,46000
2019-12-06,공릉동,공릉로,동부아파트,1,59.34,1996,32500
2019-12-07,공릉동,공릉로,동부아파트,1,84.79,1996,44000
2019-12-07,공릉동,노원로1길,대명아파트,1,66.24,1989,36500
2019-12-07,공릉동,공릉로34길,태강아파트,12,59.34,1999,43900
2019-12-07,공릉동,노원로,우방아파트,12,61.151,2000,41500
2019-12-09,공릉동,공릉로,두산힐스빌아파트,11,60,2000,51000
2019-12-09,공릉동,동일로175길,대동아파트,2,84.97,1999,43500
2019-12-10,공릉동,공릉로,두산힐스빌아파트,4,60,2000,47800
2019-12-11,공릉동,화랑로51길,비선아파트,3,49.28,1999,30500
2019-12-11,공릉동,공릉로46길,삼익아파트,4,84.6,1995,52500
2019-12-12,공릉동,공릉로46길,공릉동 한보에센시티아파트,9,84.93,2000,52500
2019-12-12,공릉동,노원로,우방아파트,15,84.881,2000,57000
2019-12-12,공릉동,공릉로,두산힐스빌아파트,15,114.72,2000,70000
2019-12-12,공릉동,공릉로34길,태강아파트,8,49.6,1999,34700
2019-12-12,공릉동,공릉로46길,공릉동 한보에센시티아파트,1,84.93,2000,46000
2019-12-13,공릉동,공릉로27길,현대성우아파트,3,59.98,2000,34800
2019-12-14,공릉동,공릉로34길,태강아파트,13,49.6,1999,35800
2019-12-14,공릉동,노원로,우방아파트,10,84.881,2000,55000
2019-12-14,공릉동,동일로191가길,길성그랑프리텔아파트,11,80.9407,2003,49000
2019-12-14,공릉동,공릉로34길,태강아파트,8,49.6,1999,35500
2019-12-16,공릉동,노원로,우방아파트,2,60.502,2000,42900
2019-12-16,공릉동,공릉로34길,태강아파트,14,49.6,1999,35000
2019-12-17,공릉동,동일로191길,신명아파트,3,84.55,1995,40800
2019-12-17,공릉동,공릉로34길,태강아파트,5,49.6,1999,34500
2019-12-18,공릉동,화랑로51길,화랑타운아파트,8,84.65,2000,66600
2019-12-18,공릉동,공릉로34길,태강아파트,12,49.6,1999,35400
2019-12-19,공릉동,공릉로34길,태강아파트,3,49.6,1999,34100
2019-12-19,공릉동,동일로,노원 프레미어스 엠코,25,84.0261,2016,75000
2019-12-19,공릉동,노원로,우방아파트,4,60.502,2000,43500
2019-12-23,공릉동,공릉로34길,태강아파트,12,49.6,1999,37400
2019-12-23,공릉동,공릉로34길,태강아파트,1,59.34,1999,43000
2019-12-23,공릉동,공릉로46길,삼익아파트,14,51.03,1995,30000
2019-12-23,공릉동,노원로1길,대명아파트,3,66.24,1989,35000
2019-12-23,공릉동,공릉로46길,삼익아파트,4,84.6,1995,48000
2019-12-24,공릉동,공릉로34길,태강아파트,14,49.6,1999,31400
2019-12-26,공릉동,노원로,우방아파트,7,61.151,2000,44000
2019-12-26,공릉동,화랑로51길,비선아파트,11,48.93,1999,32000
2019-12-27,공릉동,공릉로46길,공릉동 한보에센시티아파트,6,59.4,2000,37500
2019-12-27,공릉동,공릉로51길,건영장미아파트,10,84.88,1999,55000
2019-12-28,공릉동,화랑로,효성아파트,1,73.18,1995,50000
2019-12-28,공릉동,공릉로46길,삼익아파트,7,51.03,1995,29900
2019-12-28,공릉동,화랑로51길,비선아파트,3,59.87,1999,43400
2019-12-28,공릉동,화랑로,효성아파트,1,73.18,1995,51000
2019-12-28,공릉동,공릉로34길,태강아파트,2,49.6,1999,32800
2019-12-29,공릉동,공릉로34길,태강아파트,1,59.34,1999,39000
2019-12-30,공릉동,공릉로34길,태강아파트,10,49.6,1999,35000
2019-12-30,공릉동,화랑로,효성아파트,5,73.18,1995,49500
2019-12-30,공릉동,공릉로34길,태강아파트,2,49.6,1999,32000
2019-12-30,공릉동,공릉로34길,태강아파트,6,59.34,1999,45500
2019-12-31,공릉동,공릉로34길,태강아파트,12,49.6,1999,32000
2019-12-31,공릉동,공릉로46길,공릉동 한보에센시티아파트,8,59.4,2000,40500
2019-12-31,공릉동,공릉로34길,태강아파트,13,49.6,1999,37800
2019-12-02,하계동,공릉로59길,미성,11,84.94,1989,64800
2019-12-02,하계동,섬밭로,건영,3,45.55,1988,30800
2019-12-03,하계동,섬밭로,현대,2,84.95,1988,70000
2019-12-04,하계동,섬밭로,현대,8,84.95,1988,70300
2019-12-05,하계동,섬밭로,우성,12,84.91,1988,68800
2019-12-10,하계동,섬밭로,우성,14,127.22,1988,83000
2019-12-12,하계동,섬밭로,현대,6,84.95,1988,71800
2019-12-12,하계동,섬밭로,건영,9,74.58,1988,55000
2019-12-14,하계동,섬밭로,우성,11,84.91,1988,67800
2019-12-14,하계동,섬밭로,현대,2,84.96,1988,72000
2019-12-16,하계동,섬밭로,우성,15,84.91,1988,65000
2019-12-17,하계동,섬밭로,건영,2,74.58,1988,54800
2019-12-20,하계동,섬밭로,건영,8,65.43,1988,52000
2019-12-21,하계동,섬밭로,건영,13,53.14,1988,38000
2019-12-21,하계동,섬밭로,우성,12,84.91,1988,69500
2019-12-28,하계동,섬밭로,우성,1,84.91,1988,65000
2019-12-31,하계동,섬밭로,건영,3,45.55,1988,30200
2019-12-02,상계동,동일로216길,한양,14,87.49,1988,55000
2019-12-02,상계동,누원로,수락리버시티4단지,13,84.81,2009,47500
2019-12-02,상계동,노원로26나길,문수해오름,4,83.24,2003,41600
2019-12-04,상계동,덕릉로70가길,중계센트럴파크,2,84.75,2016,72000
2019-12-06,상계동,상계로5길,동양엔파트,14,84.88,2003,76000
2019-12-09,상계동,한글비석로46나길,금호타운,2,84.66,1995,41500
2019-12-09,상계동,한글비석로46나길,금호타운,4,84.66,1995,42900
2019-12-12,상계동,동일로248길,수락파크빌,6,114.82,2001,71200
2019-12-12,상계동,누원로,수락리버시티4단지,7,84.69,2009,49200
2019-12-13,상계동,동일로216길,한양,11,86.62,1988,59800
2019-12-16,상계동,한글비석로46나길,금호타운,10,84.66,1995,42500
2019-12-16,상계동,한글비석로46나길,금호타운,9,84.39,1995,44500
2019-12-20,상계동,동일로216길,한양,13,87.49,1988,58000
2019-12-21,상계동,덕릉로70가길,중계센트럴파크,13,84.75,2016,75000
2019-12-23,상계동,동일로216길,한양,6,87.49,1988,60000
2019-12-31,상계동,동일로216길,한양,3,86.62,1988,60000
2019-12-02,중계동,덕릉로,정진아트리움,6,84.95,2008,38250
2019-12-05,중계동,섬밭로,경남,11,74.2,1989,55500
2019-12-05,중계동,섬밭로,경남,8,74.2,1989,56000
2019-12-06,중계동,섬밭로,경남,12,74.2,1989,56000
2019-12-06,중계동,섬밭로,경남,9,114.57,1989,79500
2019-12-09,중계동,섬밭로,경남,5,50.97,1989,38000
2019-12-10,중계동,한글비석로,대호,15,84.93,2000,48250
2019-12-13,중계동,중계로14나길,삼성,7,114.49,1999,71000
2019-12-13,중계동,중계로14나길,삼성,8,59.9,1999,38000
2019-12-14,중계동,중계로14나길,삼성,6,59.9,1999,39400
2019-12-14,중계동,중계로14나길,삼성,6,59.9,1999,40500
2019-12-16,중계동,중계로8길,현대그린,2,84.99,1998,38000
2019-12-23,중계동,중계로8길,현대그린,1,84.99,1998,39000
2019-12-23,중계동,섬밭로,경남,6,84.97,1989,68500
2019-12-27,중계동,섬밭로,경남,4,50.97,1989,37000
2019-12-28,중계동,섬밭로,경남,12,50.97,1989,38400
2019-12-28,중계동,섬밭로,경남,1,50.97,1989,35000
2019-12-28,중계동,중계로14나길,삼성,2,59.9,1999,37000
2019-10-01,녹번동,통일로,래미안베라힐즈,5,59.98,2018,77800
2019-10-09,녹번동,통일로,래미안베라힐즈,11,59.98,2018,79000
2019-10-12,녹번동,통일로,녹번JR아파트,16,59.866,2002,46600
2019-10-20,녹번동,통일로,래미안베라힐즈,14,59.98,2018,80000
2019-10-01,불광동,통일로,북한산 힐스테이트7차,15,84.891,2011,85000
2019-10-01,불광동,통일로80길,베로니스,10,28.84,2019,28434
2019-10-03,불광동,불광로2길,북한산힐스테이트1차아파트,2,84.734,2009,63000
2019-10-03,불광동,통일로80길,베로니스,5,23.71,2019,22100
2019-10-03,불광동,통일로80길,베로니스,8,28.84,2019,27234
2019-10-04,불광동,불광로,북한산현대힐스테이트3차아파트,3,59.99,2010,58000
2019-10-04,불광동,통일로80길,베로니스,5,28.84,2019,25687
2019-10-04,불광동,통일로,북한산 힐스테이트7차,12,59.981,2011,69000
2019-10-05,불광동,불광로,태양아파트,3,84.64,2004,45800
2019-10-06,불광동,통일로,북한산 힐스테이트7차,10,84.947,2011,88000
2019-10-06,불광동,통일로80길,베로니스,9,26.35,2019,26152
2019-10-07,불광동,통일로80길,베로니스,12,17.9,2019,16676
2019-10-08,불광동,통일로80길,베로니스,7,28.84,2019,27234
2019-10-09,불광동,통일로,북한산 힐스테이트7차,12,84.947,2011,87000
2019-10-09,불광동,불광로,북한산현대힐스테이트3차아파트,3,59.99,2010,59500
2019-10-09,불광동,통일로80길,베로니스,6,28.84,2019,25687
2019-10-10,불광동,통일로,북한산 힐스테이트7차,16,84.947,2011,85000
2019-10-12,불광동,통일로80길,베로니스,10,17.9,2019,16676
2019-10-12,불광동,불광로,북한산대창센시티,9,59.85,2004,44000
2019-10-12,불광동,불광로,북한산대창센시티,12,84.72,2004,51900
2019-10-12,불광동,불광로,북한산현대힐스테이트3차아파트,4,59.99,2010,57800
2019-10-13,불광동,통일로80길,베로니스,6,23.71,2019,23574
2019-10-14,불광동,통일로,북한산 힐스테이트7차,3,84.813,2011,83000
2019-10-14,불광동,통일로80길,베로니스,10,28.84,2019,28359
2019-10-14,불광동,통일로80길,베로니스,5,28.84,2019,25854
2019-10-16,불광동,통일로,북한산 힐스테이트7차,12,84.986,2011,83500
2019-10-16,불광동,통일로80길,베로니스,8,28.84,2019,27190
2019-10-16,불광동,통일로80길,베로니스,6,28.84,2019,25854
2019-10-20,불광동,통일로80길,베로니스,3,28.84,2019,25687
2019-10-20,불광동,불광로,북한산현대힐스테이트3차아파트,11,84.98,2010,69500
2019-10-21,불광동,통일로80길,베로니스,7,28.84,2019,27190
2019-10-21,불광동,통일로80길,베로니스,10,28.84,2019,28377
2019-10-21,불광동,통일로80길,베로니스,11,28.84,2019,28359
2019-10-21,불광동,통일로80길,베로니스,9,28.84,2019,27190
2019-10-21,불광동,통일로80길,베로니스,11,28.84,2019,28377
2019-10-21,불광동,통일로,북한산 힐스테이트7차,5,84.813,2011,83600
2019-10-22,불광동,통일로80길,베로니스,4,28.84,2019,25914
2019-10-23,불광동,불광로2길,북한산힐스테이트1차아파트,2,59.817,2009,60000
2019-10-23,불광동,통일로80길,베로니스,3,26.35,2019,24930
2019-10-25,불광동,불광로,북한산현대힐스테이트3차아파트,6,129.46,2010,80000
2019-10-25,불광동,통일로,북한산 힐스테이트7차,6,84.947,2011,85500
2019-10-25,불광동,통일로80길,베로니스,6,27.97,2019,27134
2019-10-25,불광동,불광로2길,북한산힐스테이트1차아파트,4,84.369,2009,65000
2019-10-26,불광동,통일로,북한산 힐스테이트7차,2,84.891,2011,83000
2019-10-26,불광동,통일로80길,베로니스,12,26.35,2019,27474
2019-10-27,불광동,통일로80길,베로니스,5,28.84,2019,25914
2019-10-03,구산동,갈현로11길,경남아너스빌,3,84.69,2004,43300
2019-10-19,구산동,갈현로11길,경남아너스빌,1,84.69,2004,41000
2019-10-19,구산동,갈현로11길,경남아너스빌,1,84.69,2004,41500
2019-10-01,대조동,서오릉로,삼성타운,14,59.4,1997,41000
2019-10-03,대조동,서오릉로,삼성타운,19,59.4,1997,41000
2019-10-14,대조동,서오릉로,삼성타운,9,59.4,1997,41000
2019-10-26,대조동,서오릉로,삼성타운,14,59.4,1997,41500
2019-10-07,응암동,백련산로,대주파크빌,9,84.92,2003,49700
2019-10-08,응암동,가좌로7나길,경남,6,59.36,1995,28000
2019-10-08,응암동,가좌로7나길,경남,6,59.36,1995,28000
2019-10-11,응암동,가좌로7나길,우성,12,115.67,1988,44800
2019-10-12,응암동,가좌로7나길,우성,9,64.62,1988,32000
2019-10-12,응암동,응암로,명남더블레스,9,51.28,2012,36900
2019-10-13,응암동,백련산로,대주파크빌,5,84.92,2003,47000
2019-10-14,응암동,응암로,벧엘블레스빌,11,84.9,2006,44000
2019-10-17,응암동,백련산로,대주파크빌,2,84.92,2003,46500
2019-10-18,응암동,백련산로,녹번역센트레빌,14,84.9,2013,66000
2019-10-19,응암동,가좌로7나길,우성,7,80.99,1988,40700
2019-10-21,응암동,은평로8길,신진뉴캐슬,2,87.76,2004,31000
2019-10-21,응암동,은평로,경향렉스빌,22,110.718,2004,52400
2019-10-23,응암동,백련산로,대주파크빌,13,59.66,2003,43500
2019-10-26,응암동,은평로,삼영N-CITY,10,45.91,2015,30700
2019-10-29,응암동,응암로,미소세상,5,59.96,2017,39500
2019-10-05,역촌동,갈현로3나길,역촌센트레빌,5,84.89,2011,57000
2019-10-06,역촌동,갈현로3나길,역촌센트레빌,4,84.99,2011,56000
2019-10-08,역촌동,연서로,센타폴리스,3,136.83,2004,61250
2019-10-08,역촌동,연서로,리더스파크,14,82.45,2006,59800
2019-10-14,역촌동,갈현로11길,현대타운,8,162.98,1996,41000
2019-10-21,역촌동,연서로,센타폴리스,3,84.97,2004,54300
2019-10-23,역촌동,갈현로3나길,역촌센트레빌,9,84.89,2011,55000
2019-10-25,역촌동,갈현로3나길,역촌센트레빌,10,84.89,2011,55000
2019-10-26,역촌동,갈현로3나길,역촌센트레빌,8,84.89,2011,56200
2019-10-05,신사동,증산로15길,신성,13,61.32,1988,27700
2019-10-13,신사동,증산로15길,신성,11,61.32,1988,28500
2019-10-17,신사동,증산로15길,신성,4,61.32,1988,27400
2019-10-26,신사동,증산로15길,신성,10,82.74,1988,35200
2019-10-27,신사동,증산로15길,신성,12,61.32,1988,29600
2019-10-02,증산동,증산로,디오반,2,14.46,2011,11000
2019-10-04,증산동,증산로,디오반,7,14.46,2011,12400
2019-10-08,증산동,증산서길,두산위브,7,84.4215,2005,68000
2019-10-11,증산동,증산로3길,DMC우방,11,59.91,2000,52000
2019-10-23,증산동,증산로3길,DMC우방,7,59.91,2000,52000
2019-10-09,진관동,진관3로,힐데스하임,14,42.24,2017,46000
2019-11-02,녹번동,통일로,녹번JR아파트,8,59.866,2002,44800
2019-11-12,녹번동,통일로,래미안베라힐즈,14,84.95,2018,85000
2019-11-16,녹번동,통일로,래미안베라힐즈,15,59.98,2018,82000
2019-11-18,녹번동,통일로,녹번JR아파트,15,59.866,2002,47000
2019-11-18,녹번동,통일로,래미안베라힐즈,4,59.99,2018,78000
2019-11-23,녹번동,통일로,녹번JR아파트,10,59.866,2002,46000
2019-11-25,녹번동,통일로,래미안베라힐즈,10,84.95,2018,105000
2019-11-29,녹번동,통일로,녹번JR아파트,16,59.866,2002,48000
2019-11-29,녹번동,통일로,래미안베라힐즈,10,114.99,2018,127000
2019-11-01,불광동,불광로,북한산현대힐스테이트3차아파트,12,59.99,2010,60000
2019-11-01,불광동,통일로80길,베로니스,11,17.9,2019,16676
2019-11-02,불광동,통일로,북한산 힐스테이트7차,8,84.947,2011,89000
2019-11-02,불광동,통일로80길,베로니스,11,23.71,2019,24845
2019-11-04,불광동,통일로,북한산 힐스테이트7차,9,59.981,2011,73300
2019-11-04,불광동,통일로80길,베로니스,9,28.84,2019,27234
2019-11-05,불광동,불광로,북한산현대힐스테이트3차아파트,13,59.99,2010,63500
2019-11-07,불광동,통일로,북한산 힐스테이트7차,8,59.981,2011,72500
2019-11-07,불광동,통일로,북한산 힐스테이트7차,1,114.977,2011,89900
2019-11-08,불광동,불광로,북한산현대힐스테이트3차아파트,2,59.99,2010,58700
2019-11-08,불광동,불광로2길,북한산힐스테이트1차아파트,8,84.734,2009,73000
2019-11-09,불광동,불광로,북한산현대힐스테이트3차아파트,5,84.98,2010,66000
2019-11-10,불광동,통일로80길,베로니스,9,23.71,2019,23574
2019-11-10,불광동,불광로,북한산현대힐스테이트3차아파트,3,59.99,2010,62000
2019-11-11,불광동,불광로2길,북한산힐스테이트1차아파트,3,59.817,2009,58800
2019-11-11,불광동,통일로80길,베로니스,3,28.84,2019,25854
2019-11-11,불광동,통일로80길,베로니스,9,28.84,2019,27046
2019-11-12,불광동,불광로2길,북한산힐스테이트1차아파트,8,84.734,2009,69900
2019-11-12,불광동,불광로,북한산현대힐스테이트3차아파트,8,59.99,2010,63000
2019-11-14,불광동,통일로80길,베로니스,12,28.84,2019,28377
2019-11-14,불광동,통일로,북한산 힐스테이트7차,3,84.947,2011,88000
2019-11-14,불광동,통일로,북한산 힐스테이트7차,17,84.947,2011,89500
2019-11-14,불광동,불광로,북한산현대힐스테이트3차아파트,4,115.41,2010,78000
2019-11-16,불광동,통일로,해피플러스1,5,40.41,2005,17000
2019-11-16,불광동,통일로,북한산 힐스테이트7차,4,84.986,2011,84500
2019-11-16,불광동,불광로,북한산대창센시티,7,59.85,2004,42500
2019-11-16,불광동,불광로,북한산현대힐스테이트3차아파트,14,84.98,2010,75000
2019-11-18,불광동,불광로,북한산대창센시티,11,84.72,2004,51000
2019-11-18,불광동,불광로,북한산현대힐스테이트3차아파트,5,59.99,2010,63000
2019-11-19,불광동,불광로,대호아파트,9,84.81,1999,53000
2019-11-20,불광동,통일로80길,베로니스,7,26.35,2019,26152
2019-11-21,불광동,통일로80길,베로니스,8,28.84,2019,27046
2019-11-22,불광동,불광로,북한산대창센시티,16,59.85,2004,45800
2019-11-22,불광동,통일로80길,베로니스,12,28.84,2019,28359
2019-11-23,불광동,불광로,북한산현대힐스테이트3차아파트,14,115.41,2010,82000
2019-11-25,불광동,통일로,북한산 힐스테이트7차,6,84.891,2011,85500
2019-11-27,불광동,불광로,북한산현대힐스테이트3차아파트,5,84.98,2010,72700
2019-11-28,불광동,불광로2길,북한산힐스테이트1차아파트,7,114.942,2009,80000
2019-11-29,불광동,통일로80길,베로니스,4,23.71,2019,19800
2019-11-29,불광동,불광로20길,현대아파트,4,134.17,1993,41000
2019-11-30,불광동,통일로80길,베로니스,11,24.9,2019,26844
2019-11-30,불광동,불광로,북한산현대힐스테이트3차아파트,7,59.99,2010,62500
2019-11-03,갈현동,갈현로23길,한솔,3,59.94,1997,27200
2019-11-05,갈현동,연서로,동광갈현베르빌,4,134.715,2004,59000
2019-11-11,갈현동,연서로,동광갈현베르빌,8,134.715,2004,65000
2019-11-21,갈현동,갈현로23길,한솔,5,84.93,1997,37000
2019-11-21,갈현동,갈현로23길,한솔,14,59.94,1997,29100
2019-11-25,갈현동,연서로29길,골드스타,7,17.36,2014,12500
2019-11-25,갈현동,연서로29길,골드스타,7,12.48,2014,10500
2019-11-25,갈현동,연서로29길,골드스타,7,12.23,2014,10500
2019-11-25,갈현동,연서로29길,골드스타,4,12.44,2014,10500
2019-11-25,갈현동,연서로29길,골드스타,4,17.36,2014,12500
2019-11-25,갈현동,연서로29길,골드스타,4,12.23,2014,10500
2019-11-25,갈현동,연서로29길,골드스타,4,12.48,2014,10500
2019-11-25,갈현동,연서로29길,골드스타,5,12.44,2014,10500
2019-11-25,갈현동,연서로29길,골드스타,5,17.36,2014,12500
2019-11-25,갈현동,연서로29길,골드스타,5,12.23,2014,10500
2019-11-25,갈현동,연서로29길,골드스타,5,12.48,2014,10500
2019-11-25,갈현동,연서로29길,골드스타,6,12.44,2014,10500
2019-11-25,갈현동,연서로29길,골드스타,6,17.36,2014,12500
2019-11-25,갈현동,연서로29길,골드스타,8,12.44,2014,10500
2019-11-25,갈현동,연서로29길,골드스타,6,12.23,2014,10500
2019-11-25,갈현동,연서로29길,골드스타,8,17.36,2014,12500
2019-11-25,갈현동,연서로29길,골드스타,8,12.23,2014,10500
2019-11-25,갈현동,연서로29길,골드스타,8,12.48,2014,10500
2019-11-25,갈현동,연서로29길,골드스타,7,12.44,2014,10500
2019-11-25,갈현동,연서로29길,골드스타,6,12.48,2014,10500
2019-11-09,구산동,갈현로11길,경남아너스빌,7,84.69,2004,47000
2019-11-09,구산동,갈현로11길,경남아너스빌,9,84.99,2004,46800
2019-11-16,구산동,갈현로11길,경남아너스빌,10,84.69,2004,46000
2019-11-18,구산동,갈현로7길,구산그린빌,6,59.76,2009,31000
2019-11-25,구산동,갈현로17길,브라운스톤구산,12,84.89,2006,53000
2019-11-01,대조동,통일로67길,미래하임,7,32.79,2012,24700
2019-11-02,대조동,서오릉로,삼성타운,8,59.4,1997,40000
2019-11-05,대조동,서오릉로,삼성타운,19,59.4,1997,42300
2019-11-14,대조동,통일로,정익제이원,13,24.91,2014,23500
2019-11-19,대조동,서오릉로,삼성타운,9,59.4,1997,41500
2019-11-28,대조동,통일로,대덕타워,9,15.56,2013,12500
2019-11-01,응암동,가좌로7나길,우성,11,115.67,1988,45000
2019-11-03,응암동,응암로,서강스카이빌2,14,156.39,2003,65500
2019-11-07,응암동,백련산로,녹번역센트레빌,7,84.9,2013,72000
2019-11-07,응암동,은평로,응암아네스트,16,13.6793,2014,12540
2019-11-08,응암동,백련산로,녹번역센트레빌,4,84.9,2013,70000
2019-11-11,응암동,응암로,모아아파트,11,52.54,2016,39500
2019-11-12,응암동,응암로,서강스카이빌,7,149.99,2001,60000
2019-11-14,응암동,가좌로7나길,우성,12,64.62,1988,32000
2019-11-14,응암동,백련산로,대주파크빌,8,108.8,2003,56000
2019-11-15,응암동,불광천길,애필리움,2,84.96,2006,42500
2019-11-15,응암동,가좌로7나길,우성,7,80.99,1988,38500
2019-11-15,응암동,백련산로,대주파크빌,12,128.92,2003,60000
2019-11-16,응암동,가좌로7나길,우성,5,115.67,1988,45500
2019-11-17,응암동,백련산로,대주파크빌,8,59.66,2003,44000
2019-11-18,응암동,백련산로,녹번역센트레빌,10,114.98,2013,79700
2019-11-18,응암동,백련산로,대주파크빌,10,67.02,2003,42900
2019-11-21,응암동,응암로,서강스카이빌,14,149.99,2001,65000
2019-11-22,응암동,백련산로,녹번역센트레빌,5,84.97,2013,71800
2019-11-23,응암동,백련산로,대주파크빌,9,128.92,2003,58700
2019-11-23,응암동,백련산로,대주파크빌,9,84.92,2003,49000
2019-11-25,응암동,응암로29길,대운브랜뉴,5,83.19,2008,38100
2019-11-26,응암동,응암로,벧엘블레스빌,10,84.9,2006,48000
2019-11-18,역촌동,진흥로1라길,두성,5,84.63,2004,35800
2019-11-20,역촌동,갈현로3나길,역촌센트레빌,7,59.86,2011,49000
2019-11-27,역촌동,진흥로,하늘애,10,84.84,2007,55000
2019-11-29,역촌동,역말로6길,무궁화,6,61.97,1972,14000
2019-11-30,역촌동,연서로3가길,한국리치빌,11,84.8408,2003,43500
2019-11-14,신사동,가좌로,예승,6,84.37,2001,42200
2019-11-19,신사동,은평터널로,이랜드 타운아파트,5,59.982,2004,37000
2019-11-29,신사동,은평터널로,이랜드 타운아파트,7,84.9287,2004,42000
2019-11-30,신사동,갈현로2길,대운,3,79.5,2001,33800
2019-11-01,증산동,증산로3길,DMC우방,5,59.91,2000,53000
2019-11-02,증산동,증산로3길,DMC우방,17,84.99,2000,69300
2019-11-03,증산동,증산로3길,DMC우방,4,59.91,2000,54000
2019-11-14,증산동,증산로,월드빌,14,80.931,2002,55300
2019-11-15,증산동,증산로3길,DMC우방,6,84.99,2000,68000
2019-11-23,증산동,증산로3길,DMC우방,2,59.91,2000,53000
2019-11-27,증산동,증산로3길,DMC우방,16,84.99,2000,70000
2019-12-01,녹번동,통일로,녹번JR아파트,4,59.866,2002,47000
2019-12-01,녹번동,통일로,래미안베라힐즈,8,59.92,2018,83000
2019-12-01,녹번동,통일로,녹번JR아파트,3,59.866,2002,47500
2019-12-02,녹번동,통일로,녹번JR아파트,17,59.866,2002,47000
2019-12-06,녹번동,통일로57길,리베하임,3,84.28,2007,30500
2019-12-07,녹번동,통일로,녹번JR아파트,3,84.923,2002,60000
2019-12-12,녹번동,통일로,래미안베라힐즈,20,84.95,2018,104500
2019-12-16,녹번동,통일로,녹번JR아파트,3,59.866,2002,43000
2019-12-21,녹번동,통일로,녹번JR아파트,10,59.866,2002,49500
2019-12-24,녹번동,통일로,녹번JR아파트,3,59.866,2002,40500
2019-12-26,녹번동,통일로,래미안베라힐즈,6,59.98,2018,84500
2019-12-27,녹번동,응암로,유일아트리움,6,52.37,2016,37000
2019-12-29,녹번동,통일로,녹번JR아파트,6,59.866,2002,50000
2019-12-01,불광동,불광로2길,북한산힐스테이트1차아파트,1,84.734,2009,67500
2019-12-01,불광동,통일로,북한산 힐스테이트7차,1,84.891,2011,81700
2019-12-02,불광동,통일로80길,베로니스,7,28.84,2019,27046
2019-12-04,불광동,통일로80길,베로니스,12,28.84,2019,28434
2019-12-05,불광동,불광로,북한산현대힐스테이트3차아파트,2,59.99,2010,62000
2019-12-08,불광동,불광로2길,북한산힐스테이트1차아파트,5,59.817,2009,60000
2019-12-09,불광동,통일로,북한산 힐스테이트7차,10,114.977,2011,108000
2019-12-10,불광동,불광로,북한산현대힐스테이트3차아파트,5,84.97,2010,73900
2019-12-10,불광동,통일로80길,베로니스,3,23.71,2019,19800
2019-12-11,불광동,통일로,북한산 힐스테이트7차,10,59.981,2011,75000
2019-12-14,불광동,불광로2길,북한산힐스테이트1차아파트,4,84.734,2009,67900
2019-12-14,불광동,불광로,북한산현대힐스테이트3차아파트,5,84.98,2010,75000
2019-12-14,불광동,불광로2길,북한산힐스테이트1차아파트,8,59.817,2009,61500
2019-12-14,불광동,연서로37길,엘지아파트,5,83.04,2002,35000
2019-12-14,불광동,통일로,해피플러스1,7,81.51,2005,38000
2019-12-14,불광동,통일로,북한산 힐스테이트7차,15,84.891,2011,88000
2019-12-16,불광동,불광로2길,북한산힐스테이트1차아파트,4,84.734,2009,70000
2019-12-16,불광동,통일로80길,베로니스,12,23.71,2019,24845
2019-12-21,불광동,통일로,북한산 힐스테이트7차,17,84.947,2011,89800
2019-12-23,불광동,불광로,북한산현대힐스테이트3차아파트,5,59.99,2010,63800
2019-12-26,불광동,불광로2길,북한산힐스테이트1차아파트,1,59.817,2009,57000
2019-12-27,불광동,불광로,북한산현대힐스테이트3차아파트,4,84.98,2010,76000
2019-12-28,불광동,불광로,북한산현대힐스테이트3차아파트,7,59.99,2010,64000
2019-12-28,불광동,불광로,북한산현대힐스테이트3차아파트,14,115.41,2010,93500
2019-12-28,불광동,불광로,북한산현대힐스테이트3차아파트,10,84.98,2010,75000
2019-12-29,불광동,통일로,북한산 힐스테이트7차,12,84.813,2011,90000
2019-12-30,불광동,불광로2길,북한산힐스테이트1차아파트,6,59.817,2009,64000
2019-12-31,불광동,통일로80길,베로니스,3,28.84,2019,25914
2019-12-31,불광동,통일로80길,베로니스,4,28.84,2019,25854
2019-12-09,갈현동,갈현로23길,한솔,9,59.94,1997,30300
2019-12-15,갈현동,서오릉로18길,한우리,2,84.94,2003,30000
2019-12-29,갈현동,갈현로23길,한솔,13,59.94,1997,30000
2019-12-04,구산동,갈현로11길,경남아너스빌,20,84.69,2004,45000
2019-12-04,구산동,갈현로11길,경남아너스빌,19,84.69,2004,45500
2019-12-07,구산동,갈현로11길,경남아너스빌,8,84.69,2004,46500
2019-12-12,구산동,갈현로17길,브라운스톤구산,10,84.89,2006,51000
2019-12-20,구산동,갈현로11길,경남아너스빌,17,84.69,2004,45000
2019-12-25,구산동,갈현로11길,경남아너스빌,4,84.69,2004,43800
2019-12-30,구산동,갈현로11길,경남아너스빌,3,84.69,2004,41600
2019-12-31,구산동,갈현로11길,경남아너스빌,1,122.77,2004,48300
2019-12-03,대조동,서오릉로,삼성타운,14,122.68,1997,59300
2019-12-05,대조동,통일로67길,주주베에이,11,13.56,2014,13000
2019-12-17,대조동,서오릉로,삼성타운,17,59.4,1997,42500
2019-12-23,대조동,통일로67길,미래하임,14,31.16,2012,24500
2019-12-01,응암동,백련산로,대주파크빌,8,84.92,2003,50600
2019-12-04,응암동,백련산로,대주파크빌,5,145.77,2003,64500
2019-12-06,응암동,백련산로,녹번역센트레빌,4,84.9,2013,69700
2019-12-08,응암동,가좌로7나길,경남,13,84.9,1995,41000
2019-12-10,응암동,은평로,응암아네스트,14,13.6793,2014,13400
2019-12-12,응암동,가좌로7나길,경남,11,84.9,1995,41300
2019-12-12,응암동,백련산로,녹번역센트레빌,2,84.9,2013,71800
2019-12-16,응암동,가좌로7나길,우성,15,80.99,1988,39500
2019-12-16,응암동,가좌로7나길,경남,15,84.9,1995,43000
2019-12-17,응암동,불광천길,애필리움,5,84.96,2006,48500
2019-12-20,응암동,은평로,해태드림타운,4,59.18,1997,33650
2019-12-24,응암동,은평로,유성아이비,7,47.64,2011,29000
2019-12-26,응암동,가좌로7나길,경남,13,59.36,1995,29000
2019-12-30,응암동,가좌로7나길,우성,8,64.62,1988,30500
2019-12-14,역촌동,갈현로3나길,역촌센트레빌,3,84.89,2011,55000
2019-12-23,역촌동,갈현로3나길,역촌센트레빌,14,84.89,2011,56000
2019-12-03,신사동,은평터널로,이랜드 타운아파트,17,84.9287,2004,50000
2019-12-09,신사동,증산로15길,신성,5,82.74,1988,37000
2019-12-21,신사동,은평터널로,이랜드 타운아파트,7,84.9287,2004,50000
2019-12-21,신사동,은평터널로,이랜드 타운아파트,6,59.982,2004,40700
2019-12-22,신사동,가좌로,예승,11,84.37,2001,42000
2019-12-26,신사동,증산로15길,신성,5,61.32,1988,29000
2019-12-07,증산동,증산로3길,DMC우방,12,59.91,2000,53500
2019-12-26,증산동,증산서길,두산위브,3,113.5731,2005,78500
2019-12-27,증산동,증산로,월드빌,11,83.151,2002,58000
2019-12-21,진관동,진관3로,힐데스하임,11,42.24,2017,44000
2019-12-23,진관동,진관3로,힐데스하임,10,39.3,2017,40000
2019-12-23,진관동,진관3로,힐데스하임,10,42.24,2017,43000
2019-10-10,충정로3가,서소문로,충정리시온,7,33.32,2004,31900
2019-10-25,충정로3가,서소문로,충정리시온,17,45.89,2004,46200
2019-10-25,충정로3가,서소문로,충정리시온,12,44.88,2004,44900
2019-10-28,충정로3가,서소문로,충정리시온,8,45.75,2004,44800
2019-10-30,충정로3가,서소문로,충정리시온,6,41.48,2004,42300
2019-10-05,냉천동,독립문로14길,돈의문센트레빌,3,59.98,2011,79500
2019-10-08,냉천동,독립문로14길,동부센트레빌,7,84.93,2002,74800
2019-10-15,냉천동,독립문로14길,돈의문센트레빌,10,59.98,2011,88300
2019-10-18,냉천동,독립문로14길,돈의문센트레빌,8,59.98,2011,84500
2019-10-28,냉천동,독립문로14길,돈의문센트레빌,7,84.99,2011,105000
2019-10-03,천연동,독립문로8길,천연뜨란채,18,56.02,2006,60000
2019-10-05,천연동,독립문로8길,천연뜨란채,8,57.78,2006,62500
2019-10-05,천연동,독립문로8길,천연뜨란채,4,30.17,2006,41300
2019-10-07,천연동,독립문로8길,천연뜨란채,15,57.78,2006,64500
2019-10-09,천연동,독립문로8길,천연뜨란채,5,55.82,2006,61000
2019-10-10,천연동,독립문로8길,천연뜨란채,11,84.95,2006,82500
2019-10-11,천연동,독립문로8길,천연뜨란채,15,56.08,2006,62000
2019-10-15,천연동,독립문로8길,천연뜨란채,6,56.02,2006,60000
2019-10-16,천연동,독립문로8길,천연뜨란채,14,57.78,2006,63300
2019-10-16,천연동,독립문로8길,천연뜨란채,11,57.78,2006,64800
2019-10-16,천연동,독립문로8길,천연뜨란채,12,84.95,2006,83300
2019-10-18,천연동,독립문로8길,천연뜨란채,15,56.02,2006,63200
2019-10-20,천연동,독립문로8길,천연뜨란채,15,84.95,2006,83000
2019-10-25,천연동,독립문로8길,천연뜨란채,9,56.08,2006,60000
2019-10-26,천연동,독립문로8길,천연뜨란채,14,84.95,2006,82500
2019-10-26,천연동,독립문로8길,천연뜨란채,8,57.78,2006,63000
2019-10-31,천연동,독립문로8길,천연뜨란채,12,55.85,2006,59800
2019-10-31,천연동,독립문로8길,천연뜨란채,7,30.17,2006,41900
2019-10-02,북아현동,북아현로1길,신촌푸르지오,1,59.9093,2015,96000
2019-10-06,북아현동,북아현로1길,신촌푸르지오,17,59.88,2015,112500
2019-10-08,북아현동,북아현로1길,신촌푸르지오,2,84.9559,2015,120500
2019-10-09,북아현동,북아현로1길,신촌푸르지오,11,84.9572,2015,124500
2019-10-09,북아현동,북아현로1길,신촌푸르지오,11,59.9973,2015,103000
2019-10-09,북아현동,북아현로1길,신촌푸르지오,15,109.09,2015,144000
2019-10-12,북아현동,북아현로22길,화신,1,127.67,2004,90000
2019-10-14,북아현동,북아현로,그린빌,-1,97.03,2003,82000
2019-10-19,북아현동,북아현로1길,신촌푸르지오,14,84.9892,2015,129800
2019-10-19,북아현동,북아현로1길,신촌푸르지오,6,84.9953,2015,122000
2019-10-25,북아현동,북아현로22길,성우,1,84.85,2005,37000
2019-10-27,북아현동,북아현로1길,신촌푸르지오,16,84.9892,2015,126500
2019-10-30,북아현동,북아현로1길,신촌푸르지오,17,84.9572,2015,125000
2019-10-02,홍제동,홍제내2길,중앙하이츠,16,84.79,2001,49000
2019-10-05,홍제동,통일로,홍제삼성래미안,11,60,2001,53700
2019-10-07,홍제동,세무서길,홍일,6,66.12,1969,24500
2019-10-08,홍제동,통일로,홍제삼성래미안,7,32.76,2001,38700
2019-10-09,홍제동,통일로,홍제삼성래미안,13,60,2001,55750
2019-10-15,홍제동,통일로,홍제삼성래미안,9,32.76,2001,38000
2019-10-17,홍제동,홍제원길,제니스,9,59.56,2017,44000
2019-10-19,홍제동,통일로,홍제삼성래미안,1,32.76,2001,32700
2019-10-19,홍제동,모래내로,고은,2,62.48,1975,35000
2019-10-26,홍제동,통일로,홍제삼성래미안,7,60,2001,58500
2019-10-28,홍제동,통일로37길,서울맨션,5,48.69,1972,21500
2019-10-02,연희동,연희로32길,대림,10,119.49,1993,68000
2019-10-02,연희동,연희로32길,성원,1,84.95,2001,53900
2019-10-03,연희동,연희로5길,연희자이엘라,12,13.642,2014,16600
2019-10-03,연희동,연희로5길,연희자이엘라,11,13.642,2014,16700
2019-10-09,연희동,홍제천로,연희파크푸르지오,1,84.8,2018,76500
2019-10-26,연희동,연희로5길,연희자이엘라,9,13.642,2014,16500
2019-10-04,홍은동,연희로37안길,나영힐빌리지,4,114.85,2004,45000
2019-10-30,홍은동,통일로,홍은동아더프라임,10,59.8736,2014,48800
2019-10-03,북가좌동,거북골로18가길,휴먼빌,8,84.99,2008,57000
2019-10-03,북가좌동,수색로,DMC래미안e편한세상,9,84.95,2012,96000
2019-10-05,북가좌동,수색로,DMC래미안e편한세상,2,59.97,2012,80000
2019-10-05,북가좌동,수색로,DMC래미안e편한세상,8,84.93,2012,92500
2019-10-13,북가좌동,수색로8길,우공팰리스,3,84.81,2007,70000
2019-10-13,북가좌동,수색로,DMC래미안e편한세상,21,84.94,2012,91500
2019-10-14,북가좌동,수색로,DMC래미안e편한세상,3,84.95,2012,94800
2019-10-15,북가좌동,수색로,DMC래미안e편한세상,20,59.97,2012,84500
2019-10-17,북가좌동,수색로,DMC래미안e편한세상,1,84.95,2012,81500
2019-10-18,북가좌동,수색로,DMC래미안e편한세상,3,59.97,2012,82500
2019-10-19,북가좌동,수색로,DMC래미안e편한세상,4,84.95,2012,95800
2019-10-26,북가좌동,거북골로18가길,휴먼빌,7,84.21,2008,58000
2019-10-28,북가좌동,수색로,DMC래미안e편한세상,3,59.97,2012,79000
2019-10-04,남가좌동,모래내로,디엠씨엘가,11,30.36,2017,33000
2019-10-11,남가좌동,거북골로,쌍용스윗닷홈,16,84.98,2005,62000
2019-10-15,남가좌동,모래내로,디엠씨엘가,2,13.03,2017,15500
2019-10-15,남가좌동,모래내로,디엠씨엘가,6,41.23,2017,42000
2019-10-21,남가좌동,모래내로,디엠씨엘가,5,30.36,2017,32000
2019-11-19,충정로2가,충정로7길,현대,9,99.97,1992,71000
2019-11-22,충정로2가,충정로7길,현대,4,84.96,1992,59000
2019-11-02,냉천동,독립문로14길,돈의문센트레빌,6,59.98,2011,84500
2019-11-04,냉천동,독립문로14길,동부센트레빌,14,84.93,2002,75000
2019-11-11,냉천동,독립문로14길,돈의문센트레빌,1,84.99,2011,94500
2019-11-12,냉천동,독립문로14길,돈의문센트레빌,3,59.98,2011,83000
2019-11-15,냉천동,독립문로14길,동부센트레빌,13,59.86,2002,61500
2019-11-16,냉천동,독립문로14길,동부센트레빌,16,84.93,2002,75500
2019-11-16,냉천동,독립문로14길,돈의문센트레빌,4,59.98,2011,84500
2019-11-18,냉천동,독립문로14길,돈의문센트레빌,8,59.98,2011,86000
2019-11-21,냉천동,독립문로14길,돈의문센트레빌,14,84.99,2011,110000
2019-11-21,냉천동,독립문로14길,돈의문센트레빌,4,84.99,2011,100000
2019-11-22,냉천동,독립문로14길,돈의문센트레빌,3,84.99,2011,105000
2019-11-23,냉천동,독립문로14길,돈의문센트레빌,7,84.99,2011,113000
2019-11-02,천연동,독립문로8길,천연뜨란채,2,57.78,2006,62800
2019-11-02,천연동,독립문로8길,천연뜨란채,4,57.78,2006,62500
2019-11-02,천연동,독립문로8길,천연뜨란채,5,56.08,2006,63000
2019-11-05,천연동,독립문로8길,천연뜨란채,11,57.78,2006,64000
2019-11-07,천연동,독립문로8길,천연뜨란채,5,55.82,2006,60400
2019-11-11,천연동,독립문로8길,천연뜨란채,7,57.78,2006,64000
2019-11-13,천연동,독립문로8길,천연뜨란채,18,57.78,2006,64500
2019-11-13,천연동,독립문로8길,천연뜨란채,18,56.08,2006,60800
2019-11-14,천연동,독립문로8길,천연뜨란채,8,57.78,2006,63800
2019-11-15,천연동,독립문로8길,천연뜨란채,5,56.02,2006,62000
2019-11-15,천연동,독립문로8길,천연뜨란채,8,55.85,2006,64500
2019-11-18,천연동,독립문로8길,천연뜨란채,6,56.08,2006,62700
2019-11-22,천연동,독립문로8길,천연뜨란채,15,75.55,2006,75000
2019-11-23,천연동,독립문로8길,천연뜨란채,1,57.78,2006,57000
2019-11-23,천연동,독립문로8길,천연뜨란채,16,75.8,2006,77500
2019-11-23,천연동,독립문로8길,천연뜨란채,5,55.85,2006,62800
2019-11-25,천연동,독립문로8길,천연뜨란채,7,30.17,2006,42000
2019-11-28,천연동,독립문로8길,천연뜨란채,15,57.78,2006,66500
2019-11-30,천연동,독립문로8길,천연뜨란채,7,55.85,2006,59800
2019-11-01,북아현동,북아현로1길,신촌푸르지오,2,84.9572,2015,120500
2019-11-02,북아현동,북아현로1길,신촌푸르지오,5,84.9953,2015,126000
2019-11-02,북아현동,북아현로1길,신촌푸르지오,13,59.88,2015,109800
2019-11-04,북아현동,북아현로1길,신촌푸르지오,15,84.9953,2015,126000
2019-11-06,북아현동,북아현로1길,신촌푸르지오,10,84.9572,2015,126500
2019-11-09,북아현동,북아현로1길,신촌푸르지오,8,59.993,2015,105000
2019-11-09,북아현동,북아현로1길,신촌푸르지오,5,84.9892,2015,123000
2019-11-12,북아현동,북아현로1길,신촌푸르지오,15,84.9572,2015,130000
2019-11-16,북아현동,북아현로1길,신촌푸르지오,14,59.993,2015,109000
2019-11-16,북아현동,북아현로6길,삼우빌라,5,35.64,2002,78350
2019-11-18,북아현동,북아현로1길,신촌푸르지오,2,34.25,2015,68800
2019-11-18,북아현동,북아현로1길,신촌푸르지오,11,59.88,2015,109500
2019-11-20,북아현동,북아현로1길,신촌푸르지오,7,84.9892,2015,130000
2019-11-23,북아현동,북아현로1길,신촌푸르지오,16,84.9892,2015,127500
2019-11-23,북아현동,북아현로1길,신촌푸르지오,5,84.9953,2015,125000
2019-11-27,북아현동,북아현로22길,화신,3,107.61,2004,95500
2019-11-28,북아현동,북아현로1길,신촌푸르지오,12,59.9973,2015,105000
2019-11-29,북아현동,북아현로1길,신촌푸르지오,1,84.9892,2015,120000
2019-11-30,북아현동,북아현로1길,신촌푸르지오,15,59.993,2015,110000
2019-11-03,홍제동,통일로,홍제삼성래미안,4,32.76,2001,37000
2019-11-05,홍제동,통일로37길,서울맨션,5,50.64,1972,24500
2019-11-06,홍제동,통일로,홍제삼성래미안,3,84.33,2001,67200
2019-11-06,홍제동,통일로,홍제삼성래미안,11,60,2001,57000
2019-11-10,홍제동,홍제내2길,중앙하이츠,2,84.79,2001,48000
2019-11-15,홍제동,모래내로,성원,3,55.35,1998,41800
2019-11-20,홍제동,통일로35길,아름채,6,65.12,2004,45000
2019-11-22,홍제동,통일로,홍제삼성래미안,9,32.76,2001,38400
2019-11-22,홍제동,통일로,홍제삼성래미안,5,60,2001,55000
2019-11-23,홍제동,통일로,홍제삼성래미안,1,114.75,2001,76500
2019-11-25,홍제동,홍제원길,제니스,2,65.27,2017,43000
2019-11-25,홍제동,홍제내2길,중앙하이츠,13,84.85,2001,46800
2019-11-27,홍제동,모래내로,성원,5,41.5,1998,35000
2019-11-03,연희동,홍제천로,연희파크푸르지오,19,59.9835,2018,65500
2019-11-07,연희동,연희로32길,성원,14,59.61,2001,52000
2019-11-08,연희동,연희로32길,성원,10,59.61,2001,53000
2019-11-20,연희동,홍제천로,연희파크푸르지오,12,59.9835,2018,45850
2019-11-23,연희동,연희로5길,연희자이엘라,10,13.642,2014,16800
2019-11-23,연희동,연희로5길,연희자이엘라,8,13.642,2014,16500
2019-11-23,연희동,홍제천로,연희파크푸르지오,5,84.8,2018,82750
2019-11-12,홍은동,통일로48가길,반석블레스,3,84.96,2013,59000
2019-11-20,홍은동,홍은중앙로1길,동원베네스트,11,84.9573,2012,53500
2019-11-29,홍은동,홍은중앙로1길,동원베네스트,8,84.9772,2012,54300
2019-11-01,북가좌동,수색로8길,우공팰리스,5,84.81,2007,75500
2019-11-05,북가좌동,거북골로18가길,휴먼빌,9,84.21,2008,58900
2019-11-05,북가좌동,수색로,DMC래미안e편한세상,2,84.95,2012,89000
2019-11-08,북가좌동,수색로,DMC래미안e편한세상,5,84.93,2012,94000
2019-11-09,북가좌동,수색로,DMC래미안e편한세상,8,84.94,2012,93000
2019-11-09,북가좌동,수색로,DMC래미안e편한세상,24,84.92,2012,93000
2019-11-11,북가좌동,증가로24길,한솔,6,75.23,2002,23500
2019-11-12,북가좌동,수색로,DMC래미안e편한세상,3,59.97,2012,76000
2019-11-12,북가좌동,수색로,DMC래미안e편한세상,3,84.92,2012,95000
2019-11-14,북가좌동,수색로,DMC래미안e편한세상,27,84.92,2012,97000
2019-11-15,북가좌동,거북골로18가길,휴먼빌,8,84.21,2008,60000
2019-11-15,북가좌동,수색로,DMC래미안e편한세상,6,59.97,2012,82000
2019-11-15,북가좌동,수색로,DMC래미안e편한세상,34,84.92,2012,97000
2019-11-16,북가좌동,수색로,DMC래미안e편한세상,25,84.92,2012,94800
2019-11-16,북가좌동,수색로,DMC래미안e편한세상,17,84.95,2012,102500
2019-11-16,북가좌동,수색로,DMC래미안e편한세상,34,84.92,2012,96000
2019-11-16,북가좌동,수색로,DMC래미안e편한세상,15,84.95,2012,104800
2019-11-18,북가좌동,수색로,DMC래미안e편한세상,2,59.97,2012,83000
2019-11-18,북가좌동,수색로,DMC래미안e편한세상,6,84.93,2012,91500
2019-11-19,북가좌동,수색로,DMC래미안e편한세상,12,84.95,2012,90000
2019-11-23,북가좌동,거북골로18가길,휴먼빌,2,84.21,2008,58000
2019-11-23,북가좌동,수색로,DMC래미안e편한세상,19,120.95,2012,125000
2019-11-25,북가좌동,수색로,DMC래미안e편한세상,6,59.97,2012,87000
2019-11-28,북가좌동,수색로,DMC래미안e편한세상,27,120.95,2012,120000
2019-11-29,북가좌동,수색로,DMC래미안e편한세상,9,84.93,2012,103000
2019-11-30,북가좌동,수색로,DMC래미안e편한세상,14,84.95,2012,102500
2019-11-30,북가좌동,수색로,DMC래미안e편한세상,11,84.97,2012,104000
2019-11-12,남가좌동,모래내로,디엠씨엘가,11,30.36,2017,33000
2019-11-15,남가좌동,모래내로,디엠씨엘가,11,41.23,2017,43000
2019-11-16,남가좌동,모래내로,디엠씨엘가,11,30.36,2017,31000
2019-11-17,남가좌동,모래내로,디엠씨엘가,5,30.36,2017,31000
2019-11-19,남가좌동,모래내로,디엠씨엘가,5,30.36,2017,32000
2019-11-19,남가좌동,모래내로,디엠씨엘가,8,30.36,2017,33000
2019-11-20,남가좌동,거북골로,쌍용스윗닷홈,6,84.98,2005,60000
2019-11-21,남가좌동,모래내로,디엠씨엘가,3,30.36,2017,32000
2019-11-23,남가좌동,모래내로,디엠씨엘가,15,30.36,2017,34000
2019-11-23,남가좌동,모래내로,디엠씨엘가,6,30.36,2017,32000
2019-11-23,남가좌동,모래내로,디엠씨엘가,10,13.03,2017,16000
2019-11-25,남가좌동,모래내로,디엠씨엘가,4,30.36,2017,32000
2019-11-26,남가좌동,모래내로,디엠씨엘가,13,30.36,2017,33000
2019-11-27,남가좌동,모래내로,디엠씨엘가,6,30.36,2017,32000
2019-12-03,충정로2가,충정로7길,현대,5,84.96,1992,70000
2019-12-03,냉천동,독립문로14길,돈의문센트레빌,2,59.98,2011,82500
2019-12-09,냉천동,독립문로14길,돈의문센트레빌,4,59.98,2011,85000
2019-12-09,냉천동,독립문로14길,동부센트레빌,3,84.93,2002,73000
2019-12-13,냉천동,독립문로14길,돈의문센트레빌,7,114.98,2011,120000
2019-12-13,냉천동,독립문로14길,동부센트레빌,8,59.86,2002,62000
2019-12-14,냉천동,독립문로14길,동부센트레빌,2,59.86,2002,57300
2019-12-19,냉천동,독립문로14길,동부센트레빌,1,59.86,2002,56700
2019-12-21,냉천동,독립문로14길,돈의문센트레빌,3,59.98,2011,85000
2019-12-28,냉천동,독립문로14길,돈의문센트레빌,9,59.98,2011,92000
2019-12-06,천연동,독립문로8길,천연뜨란채,14,57.78,2006,66000
2019-12-07,천연동,독립문로8길,천연뜨란채,7,57.78,2006,63000
2019-12-07,천연동,독립문로8길,천연뜨란채,9,55.85,2006,60000
2019-12-11,천연동,독립문로8길,천연뜨란채,10,56.02,2006,62700
2019-12-13,천연동,독립문로8길,천연뜨란채,8,30.17,2006,43400
2019-12-14,천연동,독립문로8길,천연뜨란채,1,57.78,2006,58500
2019-12-14,천연동,독립문로8길,천연뜨란채,5,57.78,2006,65000
2019-12-21,천연동,독립문로8길,천연뜨란채,16,56.02,2006,64000
2019-12-02,북아현동,북아현로1길,신촌푸르지오,8,84.9559,2015,132000
2019-12-04,북아현동,북아현로1길,신촌푸르지오,12,109.09,2015,154000
2019-12-06,북아현동,북아현로1길,신촌푸르지오,16,109.09,2015,155000
2019-12-07,북아현동,북아현로1길,신촌푸르지오,6,59.993,2015,102000
2019-12-11,북아현동,북아현로1길,신촌푸르지오,2,84.9953,2015,125000
2019-12-11,북아현동,북아현로22길,화신,6,82.44,2004,89900
2019-12-26,북아현동,북아현로22길,화신,1,127.67,2004,88000
2019-12-28,북아현동,북아현로1길,신촌푸르지오,12,59.88,2015,118000
2019-12-29,북아현동,북아현로1길,신촌푸르지오,14,59.9973,2015,116500
2019-12-09,홍제동,통일로,홍제삼성래미안,1,84.33,2001,67000
2019-12-10,홍제동,모래내로,성원,10,41.5,1998,38500
2019-12-11,홍제동,통일로,홍제삼성래미안,14,60,2001,57500
2019-12-14,홍제동,모래내로,성원,8,41.5,1998,37000
2019-12-14,홍제동,통일로,홍제삼성래미안,11,60,2001,55500
2019-12-18,홍제동,모래내로,성원,3,55.35,1998,43500
2019-12-19,홍제동,세무서2길,현대그린,4,84.96,1996,52500
2019-12-21,홍제동,모래내로,성원,5,114.48,1998,64700
2019-12-23,홍제동,모래내로,성원,15,55.35,1998,46000
2019-12-23,홍제동,세무서2길,현대그린,13,84.96,1996,55700
2019-12-23,홍제동,모래내로,성원,1,55.35,1998,44000
2019-12-31,홍제동,통일로,홍제삼성래미안,9,60,2001,60000
2019-12-21,창천동,신촌로1길,래디앙,1,84.41,2003,48000
2019-12-12,연희동,연희로32길,성원,5,84.95,2001,68000
2019-12-20,연희동,동교로,일진아이윌,11,84.794,2005,64000
2019-12-26,연희동,연희로5길,연희자이엘라,12,13.642,2014,17000
2019-12-30,연희동,연희로5길,연희자이엘라,7,13.642,2014,16750
2019-12-30,연희동,연희로32길,성원,11,84.95,2001,66000
2019-12-13,홍은동,통일로48가길,반석블레스,1,84.92,2013,50000
2019-12-01,북가좌동,수색로,DMC래미안e편한세상,4,84.92,2012,95000
2019-12-03,북가좌동,수색로,DMC래미안e편한세상,13,84.94,2012,95000
2019-12-04,북가좌동,수색로,DMC래미안e편한세상,27,120.95,2012,123000
2019-12-05,북가좌동,수색로,DMC래미안e편한세상,19,84.94,2012,97500
2019-12-06,북가좌동,거북골로18가길,휴먼빌,12,84.99,2008,60000
2019-12-06,북가좌동,수색로,DMC래미안e편한세상,10,84.95,2012,106000
2019-12-06,북가좌동,수색로,DMC래미안e편한세상,12,84.94,2012,95000
2019-12-06,북가좌동,수색로,DMC래미안e편한세상,15,59.97,2012,88000
2019-12-06,북가좌동,수색로,DMC래미안e편한세상,3,153.25,2012,126500
2019-12-07,북가좌동,수색로,DMC래미안e편한세상,23,120.95,2012,123000
2019-12-07,북가좌동,수색로,DMC래미안e편한세상,10,84.95,2012,94500
2019-12-07,북가좌동,수색로,DMC래미안e편한세상,7,120.95,2012,123000
2019-12-10,북가좌동,거북골로18가길,휴먼빌,1,114.53,2008,64800
2019-12-11,북가좌동,수색로,DMC래미안e편한세상,20,84.94,2012,94500
2019-12-14,북가좌동,수색로,DMC래미안e편한세상,6,120.91,2012,115000
2019-12-14,북가좌동,수색로,DMC래미안e편한세상,16,120.95,2012,123000
2019-12-16,북가좌동,수색로,DMC래미안e편한세상,8,153.86,2012,127000
2019-12-20,북가좌동,수색로,DMC래미안e편한세상,16,153.25,2012,140000
2019-12-21,북가좌동,수색로,DMC래미안e편한세상,4,84.93,2012,94500
2019-12-24,북가좌동,수색로,신일해피트리,7,84.98,2005,63000
2019-12-24,북가좌동,수색로,DMC래미안e편한세상,14,153.86,2012,129000
2019-12-03,남가좌동,모래내로,디엠씨엘가,9,41.23,2017,43000
2019-12-04,남가좌동,모래내로,디엠씨엘가,11,30.36,2017,32000
2019-12-05,남가좌동,모래내로,디엠씨엘가,8,30.36,2017,33000
2019-12-06,남가좌동,모래내로,디엠씨엘가,5,30.36,2017,32000
2019-12-07,남가좌동,모래내로,디엠씨엘가,13,13.03,2017,17500
2019-12-07,남가좌동,모래내로,디엠씨엘가,10,13.03,2017,16000
2019-12-10,남가좌동,모래내로,디엠씨엘가,7,30.36,2017,33000
2019-12-26,남가좌동,모래내로,디엠씨엘가,8,41.23,2017,43000
2019-12-26,남가좌동,모래내로,디엠씨엘가,5,30.36,2017,32000
2019-12-26,남가좌동,모래내로,디엠씨엘가,6,30.36,2017,32000
2019-12-30,남가좌동,모래내로,디엠씨엘가,13,17.23,2017,22000
2019-12-30,남가좌동,모래내로,창덕에버빌,6,99.07,1998,48600
2019-12-31,남가좌동,모래내로,디엠씨엘가,2,13.03,2017,15500
2019-10-03,아현동,마포대로,아현아이파크,17,59.9718,2017,109000
2019-10-07,아현동,마포대로,마포트라팰리스2차,21,104.89,2008,95000
2019-10-12,아현동,마포대로,아현아이파크,15,59.9718,2017,109000
2019-10-15,아현동,마포대로,마포트라팰리스2차,22,104.89,2008,94000
2019-10-17,아현동,마포대로,아현아이파크,2,84.9699,2017,115000
2019-10-18,아현동,마포대로,아현아이파크,27,84.9699,2017,133000
2019-10-21,아현동,마포대로,아현아이파크,3,59.9718,2017,106500
2019-10-21,아현동,마포대로,삼환나띠르빌,5,84.9,2003,86700
2019-10-23,아현동,굴레방로1길,애오개아이파크,7,30.01,2016,43500
2019-10-25,아현동,마포대로,아현아이파크,21,84.9699,2017,130000
2019-10-25,아현동,마포대로,아현아이파크,25,59.9718,2017,111000
2019-10-30,아현동,마포대로,아현아이파크,10,84.9699,2017,133000
2019-10-18,공덕동,백범로,공덕파크자이,18,84.9802,2015,144500
2019-10-17,신공덕동,백범로,펜트라우스,7,152.85,2011,157500
2019-10-18,신공덕동,백범로,펜트라우스,13,152.85,2011,160000
2019-10-19,신공덕동,백범로,펜트라우스,14,103.04,2011,128500
2019-10-29,신공덕동,백범로,펜트라우스,20,115.04,2011,140000
2019-10-02,도화동,새창로8길,현대홈타운,13,59.17,2000,79500
2019-10-02,도화동,삼개로,우성,15,128.315,1991,105000
2019-10-02,도화동,삼개로,우성,3,141.515,1991,113500
2019-10-02,도화동,새창로8길,현대홈타운,17,84.95,2000,94000
2019-10-04,도화동,도화길,삼성,9,72.185,1997,93700
2019-10-04,도화동,도화길,삼성,16,84.985,1997,115000
2019-10-05,도화동,도화길,삼성,5,84.985,1997,104500
2019-10-07,도화동,도화길,삼성,7,72.185,1997,94000
2019-10-08,도화동,도화길,삼성,15,136.65,1997,133000
2019-10-09,도화동,도화길,삼성,4,136.65,1997,129000
2019-10-10,도화동,새창로8길,현대홈타운,17,84.95,2000,90000
2019-10-12,도화동,새창로8길,현대홈타운,13,84.95,2000,88000
2019-10-16,도화동,삼개로,우성,5,128.315,1991,95000
2019-10-18,도화동,도화길,삼성,7,84.985,1997,114000
2019-10-19,도화동,도화길,삼성,12,72.185,1997,93900
2019-10-19,도화동,새창로8길,현대홈타운,14,84.95,2000,93000
2019-10-29,도화동,새창로8길,현대홈타운,9,59.17,2000,80000
2019-10-31,도화동,도화길,삼성,2,84.985,1997,110800
2019-10-10,대흥동,신촌로,서희스타힐스,13,12.85,2014,19400
2019-10-12,대흥동,신촌로,서희스타힐스,16,33.76,2014,37500
2019-10-16,대흥동,신촌로,서희스타힐스,8,12.85,2014,18500
2019-10-21,대흥동,신촌로,서희스타힐스,14,12.85,2014,19500
2019-10-25,대흥동,백범로,동양엔파트,3,84.91,2007,97000
2019-10-12,염리동,백범로25길,염리삼성래미안,1,59.52,2001,79000
2019-10-12,염리동,백범로25길,염리삼성래미안,11,59.76,2001,80000
2019-10-14,염리동,독막로42길,마포자이,21,157.304,2003,175000
2019-10-20,염리동,독막로42길,마포자이,6,84.692,2003,140000
2019-10-23,염리동,백범로25길,염리삼성래미안,7,114.48,2001,125000
2019-10-24,염리동,독막로42길,마포자이,14,113.803,2003,160000
2019-10-26,염리동,백범로25길,염리삼성래미안,14,59.76,2001,82900
2019-10-30,염리동,백범로25길,염리삼성래미안,4,59.76,2001,80000
2019-10-31,염리동,숭문길,마포자이3차,4,59.99,2018,115000
2019-10-16,노고산동,신촌로,신촌포스빌,14,32.34,2004,32000
2019-10-04,신수동,신수로,마포경남아너스빌,4,84.95,2007,83000
2019-10-23,신수동,토정로,현대,6,84.47,1996,76000
2019-10-05,현석동,신수로,강변힐스테이트,7,59.78,2004,87000
2019-10-13,현석동,신수로,강변힐스테이트,9,59.54,2004,80000
2019-10-18,현석동,신수로,강변힐스테이트,4,114.99,2004,114000
2019-10-19,현석동,신수로,강변힐스테이트,4,84.85,2004,96700
2019-10-23,현석동,신수로,강변힐스테이트,18,59.54,2004,84000
2019-10-26,현석동,신수로,강변힐스테이트,14,59.78,2004,80000
2019-10-03,창전동,서강로,창전동현대홈타운,20,84.978,2005,95000
2019-10-05,창전동,서강로,창전동현대홈타운,14,84.978,2005,97500
2019-10-26,창전동,창전로,창전 쌍용스윗닷홈,3,84.983,2005,81000
2019-10-28,창전동,창전로,창전 쌍용스윗닷홈,1,84.983,2005,75000
2019-10-05,상수동,독막로18길,두산위브,11,84.79,2004,97500
2019-10-12,상수동,독막로18길,두산위브,11,84.79,2004,96000
2019-10-22,상수동,독막로18길,두산위브,19,84.79,2004,105000
2019-10-01,하중동,토정로,한강밤섬자이,15,118.28,2010,158000
2019-10-13,하중동,토정로,한강밤섬자이,2,132.54,2010,143000
2019-10-16,하중동,토정로,한강밤섬자이,13,84.99,2010,130000
2019-10-22,하중동,토정로,한강밤섬자이,14,118.28,2010,160000
2019-10-25,하중동,토정로,한강밤섬자이,21,118.28,2010,172000
2019-10-02,서교동,양화로,메세나폴리스,23,122.867,2012,154000
2019-10-10,서교동,양화로,메세나폴리스,12,142.034,2012,153000
2019-10-24,서교동,양화로,메세나폴리스,22,148.981,2012,180000
2019-10-25,서교동,양화로,메세나폴리스,15,142.034,2012,163500
2019-10-31,서교동,양화로,메세나폴리스,14,142.034,2012,157000
2019-10-31,서교동,양화로,메세나폴리스,16,122.867,2012,145500
2019-10-07,합정동,포은로,합정한강아파트,3,52.62,2017,50000
2019-10-09,합정동,양화로,KCC엠파이어리버,21,145.53,2006,119000
2019-10-16,합정동,포은로,합정한강아파트,7,52.62,2017,52000
2019-10-16,합정동,양화로,KCC엠파이어리버,13,140.88,2006,101000
2019-10-03,망원동,월드컵로29길,스카이캐슬,5,50.81,2019,46500
2019-10-04,망원동,월드컵로13길,해오름,4,104.88,2011,65000
2019-10-07,망원동,방울내로11길,강림스위트빌,1,81.71,2004,49300
2019-10-12,망원동,방울내로,휴먼빌,10,59.955,2004,64500
2019-10-14,망원동,월드컵로29길,스카이캐슬,6,52.54,2019,43500
2019-10-18,망원동,월드컵로29길,스카이캐슬,3,45.18,2019,46000
2019-10-08,성산동,성미산로,삼호빌라트,6,83.86,2001,51000
2019-10-01,중동,성암로7길,현대,19,84.94,2000,60000
2019-10-19,중동,월드컵북로38가길,중동계룡아파트,2,84.6,2000,68000
2019-10-02,상암동,월드컵북로,상암월드컵파크10단지,2,84.89,2010,73000
2019-10-03,상암동,상암산로1길,상암월드컵파크7단지,3,84.74,2005,88000
2019-10-08,상암동,상암산로1길,상암월드컵파크7단지,3,84.9,2005,88800
2019-10-10,상암동,월드컵북로,상암월드컵파크10단지,4,84.66,2010,77000
2019-10-10,상암동,상암산로1길,상암월드컵파크7단지,3,84.45,2005,86000
2019-10-11,상암동,상암산로1길,상암월드컵파크7단지,12,84.45,2005,90000
2019-10-15,상암동,월드컵북로,상암월드컵파크12단지,6,84.89,2010,80000
2019-10-24,상암동,상암산로1길,상암월드컵파크7단지,11,84.9,2005,89500
2019-10-25,상암동,월드컵북로,상암월드컵파크9단지,4,84.94,2010,79000
2019-10-26,상암동,월드컵북로,상암월드컵파크10단지,8,84.89,2010,78500
2019-10-26,상암동,월드컵북로,상암월드컵파크9단지,11,84.94,2010,78000
2019-10-26,상암동,월드컵북로,상암월드컵파크10단지,4,59.73,2010,68700
2019-10-28,상암동,월드컵북로,상암월드컵파크9단지,10,84.98,2010,78500
2019-10-30,상암동,월드컵북로,상암월드컵파크10단지,5,84.89,2010,78500
2019-10-31,상암동,월드컵북로,상암월드컵파크12단지,4,84.89,2010,76000
2019-10-31,상암동,월드컵북로,상암월드컵파크12단지,8,59.73,2010,69500
2019-10-31,상암동,상암산로1길,상암월드컵파크7단지,12,84.9,2005,89950
2019-11-04,아현동,마포대로,아현아이파크,4,84.9668,2017,129500
2019-11-04,아현동,마포대로,아현아이파크,2,59.9718,2017,108500
2019-11-07,아현동,굴레방로1길,애오개아이파크,8,30.01,2016,44000
2019-11-12,아현동,마포대로19길,혜성,6,98.91,1972,63000
2019-11-15,아현동,마포대로19길,혜성,10,110.75,1972,64000
2019-11-18,아현동,마포대로,마포트라팰리스2차,7,99.56,2008,96000
2019-11-20,아현동,마포대로,마포트라팰리스2차,4,99.56,2008,94500
2019-11-23,아현동,마포대로,아현아이파크,2,84.9668,2017,140000
2019-11-23,아현동,마포대로,삼환나띠르빌,6,84.9,2003,87000
2019-11-25,아현동,굴레방로1길,애오개아이파크,3,30.01,2016,44850
2019-11-27,아현동,마포대로,아현아이파크,2,59.9718,2017,109000
2019-11-27,아현동,마포대로,아현아이파크,8,59.9718,2017,110000
2019-11-30,아현동,마포대로,아현아이파크,9,84.9668,2017,130000
2019-11-01,공덕동,백범로,공덕파크자이,8,84.996,2015,150000
2019-11-03,공덕동,백범로,공덕파크자이,20,84.9027,2015,149000
2019-11-09,공덕동,백범로,공덕파크자이,11,84.8852,2015,148000
2019-11-18,공덕동,백범로,공덕파크자이,19,84.996,2015,148000
2019-11-28,공덕동,백범로,공덕파크자이,4,84.996,2015,143000
2019-11-01,신공덕동,백범로,펜트라우스,17,115.04,2011,140000
2019-11-13,신공덕동,백범로,펜트라우스,3,84.95,2011,114000
2019-11-14,신공덕동,백범로,펜트라우스,8,103.04,2011,131000
2019-11-15,신공덕동,백범로,펜트라우스,6,103.04,2011,129000
2019-11-16,신공덕동,백범로,펜트라우스,13,152.85,2011,158000
2019-11-16,신공덕동,백범로,펜트라우스,15,115.78,2011,149000
2019-11-19,신공덕동,백범로,펜트라우스,8,152.85,2011,158000
2019-11-30,신공덕동,백범로,펜트라우스,7,103.04,2011,129000
2019-11-30,신공덕동,백범로,펜트라우스,2,84.95,2011,118700
2019-11-01,도화동,새창로8길,현대홈타운,18,84.95,2000,95000
2019-11-03,도화동,도화길,삼성,15,136.65,1997,149500
2019-11-05,도화동,도화길,삼성,8,72.185,1997,98000
2019-11-07,도화동,삼개로,우성,1,128.315,1991,99800
2019-11-07,도화동,도화길,삼성,9,72.185,1997,94500
2019-11-08,도화동,삼개로,우성,7,128.315,1991,110000
2019-11-08,도화동,도화2안길,현대아트빌라,3,118.5,1993,84000
2019-11-09,도화동,새창로8길,현대홈타운,3,113.25,2000,95700
2019-11-11,도화동,새창로8길,현대홈타운,16,84.95,2000,96250
2019-11-15,도화동,도화길,삼성,1,84.985,1997,102500
2019-11-16,도화동,삼개로,우성,13,79.97,1991,88000
2019-11-16,도화동,마포대로,마포아크로타워,13,84.99,2007,87000
2019-11-16,도화동,삼개로,우성,1,79.97,1991,81500
2019-11-16,도화동,새창로8길,현대홈타운,4,84.95,2000,98000
2019-11-17,도화동,도화길,삼성,9,72.185,1997,94500
2019-11-18,도화동,삼개로,우성,10,54.72,1991,80000
2019-11-21,도화동,삼개로,우성,3,141.515,1991,122500
2019-11-22,도화동,새창로8길,현대홈타운,9,84.95,2000,90000
2019-11-22,도화동,삼개로,우성,15,141.515,1991,118000
2019-11-25,도화동,마포대로,마포아크로타워,16,84.99,2007,92000
2019-11-26,도화동,삼개로,우성,10,128.315,1991,115000
2019-11-27,도화동,새창로8길,현대홈타운,5,84.95,2000,92500
2019-11-28,도화동,새창로8길,현대홈타운,5,84.95,2000,95000
2019-11-28,도화동,삼개로,우성,14,128.315,1991,120000
2019-11-30,도화동,마포대로,마포아크로타워,16,84.99,2007,93500
2019-11-30,도화동,삼개로,우성,5,68.94,1991,88000
2019-11-11,대흥동,신촌로,서희스타힐스,17,12.85,2014,19500
2019-11-23,대흥동,백범로,동양엔파트,5,84.91,2007,101000
2019-11-23,대흥동,신촌로,서희스타힐스,9,12.85,2014,19500
2019-11-26,대흥동,신촌로,서희스타힐스,11,12.85,2014,19500
2019-11-02,염리동,백범로25길,염리삼성래미안,9,84.96,2001,104500
2019-11-18,염리동,독막로42길,마포자이,9,84.692,2003,142000
2019-11-20,염리동,독막로42길,마포자이,11,84.692,2003,150000
2019-11-23,염리동,백범로25길,염리삼성래미안,2,84.96,2001,91000
2019-11-25,염리동,숭문길,마포자이3차,2,84.98,2018,129500
2019-11-27,염리동,독막로42길,마포자이,17,135.376,2003,175000
2019-11-28,염리동,백범로25길,염리삼성래미안,10,84.69,2001,99500
2019-11-29,염리동,백범로25길,염리삼성래미안,6,84.96,2001,109500
2019-11-29,염리동,백범로25길,염리삼성래미안,14,59.76,2001,85000
2019-11-30,염리동,독막로,중앙하이츠,8,60,1998,76000
2019-11-02,노고산동,신촌로,신촌포스빌,8,32.34,2004,31000
2019-11-15,노고산동,신촌로,신촌포스빌,6,32.34,2004,31900
2019-11-02,신수동,신수로,마포경남아너스빌,2,84.95,2007,84000
2019-11-10,신수동,창전로2길,경남아너스빌,11,84.97,2005,82500
2019-11-12,신수동,신수로,마포경남아너스빌,8,84.95,2007,88000
2019-11-20,신수동,백범로,하나테크노빌,8,31.83,2002,26000
2019-11-23,신수동,창전로2길,경남아너스빌,3,84.97,2005,82500
2019-11-13,현석동,신수로,강변힐스테이트,7,59.78,2004,79500
2019-11-13,현석동,신수로,강변힐스테이트,6,59.54,2004,79500
2019-11-15,현석동,신수로,강변힐스테이트,4,59.54,2004,78200
2019-11-16,현석동,신수로,강변힐스테이트,4,114.99,2004,113000
2019-11-17,현석동,신수로,강변힐스테이트,8,84.85,2004,108000
2019-11-18,현석동,신수로,강변힐스테이트,12,59.78,2004,83800
2019-11-28,현석동,신수로,강변힐스테이트,12,59.54,2004,80000
2019-11-30,현석동,신수로,강변힐스테이트,19,59.54,2004,89900
2019-11-09,창전동,서강로,창전동현대홈타운,16,59.651,2005,84500
2019-11-11,창전동,창전로,창전 쌍용스윗닷홈,13,84.983,2005,93500
2019-11-16,창전동,창전로,창전 쌍용스윗닷홈,14,84.983,2005,94500
2019-11-05,상수동,독막로18길,두산위브,13,84.79,2004,102500
2019-11-30,하중동,토정로,한강밤섬자이,13,84.99,2010,133200
2019-11-05,서교동,홍익로,서교푸르지오,2,92.448,2004,86400
2019-11-14,서교동,양화로,메세나폴리스,15,142.034,2012,162500
2019-11-18,서교동,양화로,메세나폴리스,17,122.867,2012,150000
2019-11-18,서교동,양화로,메세나폴리스,26,142.034,2012,165000
2019-11-21,서교동,양화로,메세나폴리스,21,142.034,2012,173000
2019-11-25,서교동,양화로,메세나폴리스,14,142.034,2012,161000
2019-11-01,합정동,양화로,KCC엠파이어리버,19,140.88,2006,108000
2019-11-04,합정동,월드컵로1길,마포 한강 푸르지오,16,137.04,2015,193000
2019-11-05,합정동,양화로,KCC엠파이어리버,14,140.88,2006,104500
2019-11-11,합정동,포은로,합정한강아파트,6,52.17,2017,53000
2019-11-21,합정동,양화로,KCC엠파이어리버,21,156.13,2006,130000
2019-11-30,합정동,포은로,합정한강아파트,2,52.62,2017,51000
2019-11-07,망원동,월드컵로29길,스카이캐슬,3,47.35,2019,46200
2019-11-11,망원동,방울내로11길,동보프리미아,9,63.02,2004,39000
2019-11-12,망원동,월드컵로29길,스카이캐슬,3,42.37,2019,45700
2019-11-18,망원동,월드컵로29길,스카이캐슬,4,50.81,2019,46500
2019-11-20,망원동,월드컵로29길,스카이캐슬,2,47.35,2019,45500
2019-11-24,망원동,월드컵로29길,스카이캐슬,3,50.81,2019,46200
2019-11-26,망원동,월드컵로31길,우림루미아트,2,59.9488,2003,53500
2019-11-18,성산동,성산로4길,대원,7,59.69,1999,43800
2019-11-23,중동,성암로7길,현대,17,59.54,2000,55000
2019-11-24,중동,월드컵북로38가길,중동계룡아파트,10,113.94,2000,82000
2019-11-30,중동,성암로7길,현대,10,59.55,2000,56800
2019-11-01,상암동,월드컵북로,상암월드컵파크12단지,3,84.89,2010,78000
2019-11-09,상암동,상암산로1길,상암월드컵파크7단지,8,84.9,2005,85500
2019-11-09,상암동,월드컵북로,상암월드컵파크12단지,7,84.89,2010,81500
2019-11-09,상암동,상암산로1길,상암월드컵파크7단지,4,84.9,2005,86000
2019-11-11,상암동,상암산로1길,상암월드컵파크7단지,8,84.9,2005,95000
2019-11-12,상암동,월드컵북로,상암월드컵파크9단지,9,84.98,2010,76000
2019-11-16,상암동,월드컵북로,상암월드컵파크12단지,5,84.89,2010,83000
2019-11-18,상암동,상암산로1길,상암월드컵파크7단지,3,104.77,2005,100000
2019-11-20,상암동,월드컵북로,상암월드컵파크9단지,15,84.98,2010,79500
2019-11-23,상암동,상암산로1길,상암월드컵파크7단지,8,84.9,2005,89900
2019-11-23,상암동,상암산로1길,상암월드컵파크7단지,13,84.74,2005,88000
2019-11-24,상암동,상암산로1길,상암월드컵파크7단지,4,84.45,2005,90000
2019-11-27,상암동,월드컵북로,상암월드컵파크9단지,11,84.89,2010,80000
2019-12-02,아현동,마포대로19길,혜성,4,98.91,1972,67000
2019-12-04,아현동,마포대로,아현아이파크,4,84.9668,2017,130000
2019-12-05,아현동,마포대로,아현아이파크,7,59.9718,2017,106000
2019-12-08,아현동,마포대로,아현아이파크,18,111.1083,2017,156000
2019-12-11,아현동,마포대로,아현아이파크,6,111.1083,2017,160000
2019-12-14,아현동,마포대로,아현아이파크,2,59.9718,2017,112500
2019-12-19,아현동,마포대로19길,혜성,5,98.88,1972,65000
2019-12-26,아현동,굴레방로1길,애오개아이파크,7,30.01,2016,43300
2019-12-31,아현동,굴레방로1길,애오개아이파크,2,30.01,2016,44500
2019-12-02,공덕동,백범로,공덕파크자이,22,84.8852,2015,155000
2019-12-12,공덕동,백범로,공덕파크자이,8,121.4551,2015,210000
2019-12-04,신공덕동,백범로,신공덕e편한세상,2,59.62,2007,89900
2019-12-06,신공덕동,백범로,펜트라우스,6,115.08,2011,133000
2019-12-07,신공덕동,백범로,신공덕e편한세상,4,59.58,2007,92500
2019-12-13,신공덕동,백범로,펜트라우스,3,152.85,2011,158000
2019-12-13,신공덕동,백범로,펜트라우스,17,115.08,2011,143500
2019-12-16,신공덕동,백범로,신공덕e편한세상,11,59.85,2007,100000
2019-12-17,신공덕동,백범로,신공덕e편한세상,3,84.68,2007,108500
2019-12-31,신공덕동,백범로,펜트라우스,10,103.04,2011,140000
2019-12-02,도화동,새창로8길,현대홈타운,3,84.95,2000,96000
2019-12-02,도화동,새창로8길,현대홈타운,8,84.95,2000,96500
2019-12-03,도화동,새창로8길,현대홈타운,4,59.17,2000,79500
2019-12-06,도화동,새창로8길,현대홈타운,8,113.25,2000,104000
2019-12-06,도화동,새창로8길,현대홈타운,15,84.95,2000,99000
2019-12-07,도화동,도화길,삼성,1,136.1,1997,133000
2019-12-09,도화동,새창로8길,현대홈타운,2,84.95,2000,95000
2019-12-10,도화동,마포대로,마포아크로타워,12,84.99,2007,93000
2019-12-13,도화동,삼개로,우성,9,128.315,1991,112000
2019-12-14,도화동,새창로8길,현대홈타운,10,113.25,2000,102500
2019-12-15,도화동,새창로8길,현대홈타운,19,113.25,2000,115000
2019-12-15,도화동,삼개로,우성,9,68.94,1991,89300
2019-12-25,도화동,삼개로,우성,2,68.94,1991,85000
2019-12-28,도화동,새창로8길,현대홈타운,14,84.95,2000,93500
2019-12-29,도화동,도화길,삼성,6,136.1,1997,144500
2019-12-20,대흥동,신촌로,서희스타힐스,7,12.85,2014,19000
2019-12-21,대흥동,신촌로,서희스타힐스,4,12.85,2014,19200
2019-12-26,대흥동,신촌로,서희스타힐스,19,12.85,2014,20000
2019-12-03,염리동,백범로25길,염리삼성래미안,6,59.76,2001,85250
2019-12-07,염리동,독막로42길,마포자이,1,113.803,2003,149500
2019-12-07,염리동,독막로,중앙하이츠,1,60,1998,72000
2019-12-09,염리동,독막로42길,마포자이,4,84.692,2003,142000
2019-12-11,염리동,백범로25길,염리삼성래미안,17,84.96,2001,110000
2019-12-13,염리동,독막로42길,마포자이,25,135.376,2003,185000
2019-12-26,염리동,독막로42길,마포자이,4,84.692,2003,146700
2019-12-25,노고산동,신촌로,신촌포스빌,11,32.34,2004,32000
2019-12-26,노고산동,신촌로,신촌포스빌,11,32.34,2004,32400
2019-12-30,노고산동,신촌로,신촌포스빌,10,32.34,2004,32700
2019-12-05,신수동,토정로,현대,12,84.47,1996,82000
2019-12-10,현석동,신수로,강변힐스테이트,9,59.54,2004,83000
2019-12-14,현석동,신수로,강변힐스테이트,8,114.99,2004,120000
2019-12-17,현석동,신수로,강변힐스테이트,2,59.54,2004,77000
2019-12-21,현석동,신수로,강변힐스테이트,5,59.54,2004,81000
2019-12-27,현석동,신수로,강변힐스테이트,2,59.54,2004,76800
2019-12-28,현석동,신수로,강변힐스테이트,11,59.78,2004,86000
2019-12-04,창전동,서강로,창전동현대홈타운,4,59.651,2005,83500
2019-12-08,창전동,서강로,창전동현대홈타운,10,84.978,2005,97000
2019-12-08,창전동,서강로,창전동현대홈타운,18,84.978,2005,99000
2019-12-10,창전동,서강로,창전동현대홈타운,18,84.978,2005,100000
2019-12-11,창전동,서강로,창전동현대홈타운,5,59.651,2005,84000
2019-12-11,창전동,서강로,창전동현대홈타운,6,84.978,2005,94500
2019-12-18,창전동,서강로,창전동현대홈타운,15,84.978,2005,100000
2019-12-23,창전동,창전로,창전 쌍용스윗닷홈,10,84.788,2005,89000
2019-12-28,창전동,창전로,창전 쌍용스윗닷홈,7,84.983,2005,91500
2019-12-10,상수동,독막로18길,두산위브,23,114.533,2004,124000
2019-12-20,상수동,독막로18길,두산위브,24,84.79,2004,103500
2019-12-23,상수동,독막로18길,두산위브,14,114.533,2004,117000
2019-12-10,하중동,토정로,한강밤섬자이,5,118.28,2010,150000
2019-12-21,하중동,토정로,한강밤섬자이,16,118.28,2010,174000
2019-12-02,서교동,양화로,메세나폴리스,29,142.034,2012,160000
2019-12-04,서교동,양화로,메세나폴리스,37,148.981,2012,204000
2019-12-05,서교동,양화로,메세나폴리스,4,142.034,2012,147000
2019-12-11,서교동,양화로,메세나폴리스,32,122.867,2012,159000
2019-12-14,서교동,양화로,메세나폴리스,33,122.867,2012,162000
2019-12-30,서교동,양화로,메세나폴리스,19,142.034,2012,162000
2019-12-17,합정동,양화로3길,현대하이츠,7,54.64,2004,50000
2019-12-02,망원동,방울내로11길,강림스위트빌,11,81.71,2004,58700
2019-12-03,망원동,월드컵로29길,스카이캐슬,6,42.37,2019,48000
2019-12-06,망원동,망원로,목화,5,84.87,2003,60000
2019-12-09,망원동,망원로2길,예향,4,84.67,2001,54500
2019-12-20,망원동,월드컵로29길,스카이캐슬,7,62.92,2019,46000
2019-12-28,망원동,방울내로11길,강림스위트빌,2,81.71,2004,50000
2019-12-04,성산동,성암로1길,풍림,2,84.99,2000,52750
2019-12-25,성산동,성암로1길,풍림,5,46.8,2000,37500
2019-12-04,중동,성암로7길,현대,4,84.94,2000,70000
2019-12-29,중동,월드컵북로38가길,중동계룡아파트,8,84.6,2000,72000
2019-12-29,중동,월드컵북로38가길,중동계룡아파트,4,60,2000,61700
2019-12-03,상암동,상암산로1길,상암월드컵파크7단지,11,84.9,2005,88000
2019-12-03,상암동,월드컵북로,상암월드컵파크12단지,4,84.89,2010,85000
2019-12-05,상암동,월드컵북로,상암월드컵파크12단지,2,59.73,2010,69250
2019-12-07,상암동,월드컵북로,상암월드컵파크12단지,4,59.73,2010,70000
2019-12-07,상암동,상암산로1길,상암월드컵파크7단지,2,84.9,2005,84000
2019-12-10,상암동,상암산로1길,상암월드컵파크7단지,5,84.9,2005,88600
2019-12-11,상암동,월드컵북로,상암월드컵파크10단지,1,84.66,2010,74000
2019-12-12,상암동,상암산로1길,상암월드컵파크7단지,7,84.9,2005,90000
2019-12-15,상암동,월드컵북로,상암월드컵파크12단지,7,84.66,2010,84500
2019-12-15,상암동,월드컵북로,상암월드컵파크12단지,13,114.72,2010,97000
2019-12-20,상암동,월드컵북로,상암월드컵파크10단지,2,84.89,2010,80000
2019-12-20,상암동,상암산로1길,상암월드컵파크7단지,4,84.74,2005,93000
2019-12-20,상암동,상암산로1길,상암월드컵파크7단지,7,84.45,2005,93500
2019-12-23,상암동,월드컵북로,상암월드컵파크9단지,11,84.89,2010,85000
2019-12-25,상암동,상암산로1길,상암월드컵파크7단지,5,84.9,2005,92500
2019-12-26,상암동,월드컵북로,상암월드컵파크12단지,6,59.73,2010,67000
2019-12-26,상암동,상암산로1길,상암월드컵파크7단지,5,84.74,2005,93000
2019-12-30,상암동,월드컵북로,상암월드컵파크10단지,7,59.73,2010,70000
2019-12-31,상암동,월드컵북로,상암월드컵파크10단지,9,84.66,2010,82000
2019-12-31,상암동,월드컵북로,상암월드컵파크10단지,5,84.89,2010,81800
2019-12-31,상암동,상암산로1길,상암월드컵파크7단지,7,84.9,2005,88500
