绊按ID,备概陛咀
绊按10,45990
绊按2,29800
绊按7,31400
绊按5,35300
绊按2,41200
绊按3,28000
绊按7,28300
绊按2,31700
绊按1,18460
绊按2,15190
绊按5,31530
绊按9,9290
绊按9,37970
绊按8,26810
绊按2,22900
绊按1,37800
绊按1,32750
绊按2,21180
绊按9,14390
绊按3,6250
绊按8,19370
绊按1,30460
绊按10,24200
绊按9,19830
绊按10,22040
绊按1,14280
绊按3,42630
绊按10,42360
绊按3,5030
绊按10,34670
绊按5,9410
绊按1,43800
绊按2,10640
绊按4,12860
绊按10,18780
绊按9,12060
绊按2,11750
绊按5,38270
绊按5,24400
绊按5,23630
绊按7,6350
绊按3,23700
绊按2,38830
绊按2,7000
绊按10,20970
绊按1,10950
绊按8,6840
绊按5,27410
绊按8,35040
绊按5,29270
绊按3,49650
绊按3,35880
绊按10,14390
绊按7,37100
绊按4,30820
绊按2,31150
绊按4,47180
绊按10,6010
绊按7,27790
绊按5,39770
绊按10,9620
绊按4,31500
绊按3,48370
绊按9,34050
绊按6,21610
绊按1,33820
绊按10,20620
绊按1,21000
绊按10,45260
绊按5,33950
绊按10,6450
绊按6,6330
绊按9,7400
绊按1,9100
绊按3,17920
绊按1,47260
绊按1,37950
绊按1,40030
绊按8,49390
绊按8,24690
绊按9,46380
绊按4,9470
绊按6,21770
绊按4,15580
绊按10,27100
绊按4,25280
绊按7,9220
绊按10,37730
绊按10,48720
绊按6,6210
绊按8,44680
绊按2,7580
绊按7,49380
绊按10,34880
绊按1,17010
绊按9,37560
绊按4,10960
绊按7,43550
绊按3,37780
绊按1,17360
绊按3,6390
绊按5,47800
绊按1,43870
绊按9,24800
绊按4,41310
绊按10,39360
绊按7,11160
绊按3,18490
绊按1,33530
绊按4,37010
绊按5,26760
绊按6,10090
绊按4,46780
绊按8,29360
绊按8,17140
绊按7,26260
绊按5,30200
绊按3,43890
绊按2,39440
绊按7,16160
绊按1,40860
绊按2,37720
绊按4,26030
绊按7,17880
绊按5,22570
绊按7,27980
绊按9,26310
绊按8,47860
绊按8,43040
绊按7,23430
绊按9,25500
绊按2,15530
绊按7,20460
绊按10,28890
绊按8,34760
绊按1,24050
绊按9,34790
绊按2,35460
绊按4,17100
绊按7,40360
绊按4,48910
绊按3,18120
绊按6,22880
绊按8,16400
绊按6,8140
绊按1,22680
绊按4,5690
绊按1,38440
绊按1,6030
绊按10,36480
绊按6,34340
绊按9,21360
绊按9,26200
绊按10,42770
绊按1,7090
绊按5,11070
绊按2,49830
绊按8,24400
绊按9,48200
绊按1,14510
绊按10,41920
绊按6,47940
绊按8,24000
绊按2,31390
绊按1,40930
绊按9,27820
绊按2,37500
绊按2,10380
绊按4,15900
绊按7,17170
绊按4,12270
绊按6,45030
绊按3,47630
绊按3,48570
绊按7,41490
绊按8,10730
绊按7,28500
绊按10,25310
绊按10,30970
绊按3,34190
绊按3,10510
绊按9,32310
绊按3,10840
绊按4,39360
绊按3,42840
绊按3,14730
绊按5,21000
绊按9,30390
绊按10,19470
绊按5,36860
绊按7,39390
绊按6,32880
绊按4,21180
绊按1,7360
绊按1,21250
绊按9,35600
绊按7,38860
绊按2,37090
绊按5,47870
绊按1,27400
绊按10,34520
绊按6,46090
绊按9,49790
绊按1,19850
绊按1,9890
绊按6,35030
绊按6,7350
绊按4,29990
绊按4,15430
绊按4,39830
绊按5,8950
绊按7,16720
绊按2,40280
绊按9,10930
绊按6,41550
绊按9,43630
绊按6,43270
绊按1,24710
绊按9,22360
绊按6,27030
绊按9,13850
绊按8,17340
绊按7,40850
绊按2,29470
绊按6,33520
绊按7,16370
绊按9,27760
绊按6,32960
绊按8,47820
绊按3,14500
绊按5,42440
绊按4,27160
绊按2,17370
绊按5,19750
绊按6,26980
绊按1,39890
绊按8,25610
绊按2,12720
绊按10,30500
绊按7,41270
绊按3,16210
绊按1,42680
绊按3,12900
绊按8,13350
绊按3,48900
绊按5,41350
绊按8,40260
绊按5,37170
绊按4,46100
绊按5,7370
绊按5,7230
绊按9,28990
绊按5,26640
绊按10,48990
绊按3,47000
绊按5,44280
绊按6,16410
绊按8,13990
绊按7,34830
绊按6,6170
绊按8,39920
绊按6,27220
绊按8,5260
绊按9,37440
绊按7,47830
绊按1,46150
绊按3,7130
绊按4,30180
绊按8,14440
绊按8,21330
绊按8,45640
绊按10,16060
绊按9,12880
绊按10,47600
绊按2,8780
绊按8,42190
绊按4,33030
绊按8,21280
绊按3,8710
绊按3,38470
绊按9,32600
绊按1,32520
绊按1,11240
绊按8,11880
绊按1,44350
绊按6,42880
绊按4,11160
绊按8,15280
绊按2,13010
绊按6,40960
绊按1,40490
绊按2,46690
绊按4,14010
绊按4,7990
绊按8,27400
绊按3,12110
绊按9,27610
绊按2,12550
绊按7,21160
绊按9,41250
绊按8,17810
绊按8,18490
绊按7,7610
绊按6,24590
绊按9,9650
绊按9,7550
绊按3,13000
绊按4,47520
绊按2,28600
绊按6,40040
绊按9,30540
绊按1,41670
绊按2,44090
绊按2,31520
绊按7,43330
绊按10,30350
绊按5,48050
绊按6,12420
绊按6,33160
绊按8,29770
绊按6,14980
绊按7,11740
绊按4,22720
绊按10,10020
绊按8,37270
绊按7,16060
绊按10,13220
绊按8,13960
绊按10,27700
绊按8,19910
绊按10,18160
绊按3,15650
绊按2,24950
绊按1,38050
绊按4,14640
绊按8,17130
绊按2,10390
绊按4,47920
绊按1,22390
绊按3,35940
绊按9,16360
绊按8,37340
绊按2,41540
绊按3,44590
绊按4,23880
绊按2,37880
绊按6,38630
绊按3,26370
绊按3,41340
绊按7,41980
绊按10,25430
绊按6,29700
绊按1,9650
绊按8,45110
绊按9,18090
绊按7,34710
绊按9,21530
绊按9,23660
绊按6,16730
绊按10,39440
绊按7,28600
绊按6,43840
绊按9,43690
绊按3,29850
绊按1,45090
绊按4,9650
绊按7,29760
绊按4,40660
绊按6,8630
绊按6,33170
绊按4,45300
绊按2,46450
绊按10,40760
绊按3,38480
绊按2,31390
绊按6,5710
绊按3,24780
绊按10,31410
绊按8,46300
绊按3,36830
绊按2,41760
绊按7,25540
绊按1,6100
绊按9,5810
绊按2,17320
绊按2,8580
绊按10,43200
绊按10,9260
绊按10,40910
绊按7,21890
绊按5,21910
绊按10,35340
绊按7,14750
绊按8,29740
绊按3,18970
绊按9,5920
绊按4,8640
绊按5,14510
绊按3,14050
绊按8,21040
绊按9,48470
绊按6,34520
绊按9,24310
绊按5,25490
绊按8,20130
绊按1,49130
绊按8,37950
绊按1,17250
绊按8,44800
绊按2,10500
绊按9,25180
绊按1,32790
绊按8,29800
绊按7,38870
绊按3,32890
绊按3,36590
绊按1,26700
绊按5,26610
绊按6,16600
绊按7,49990
绊按3,34810
绊按7,18010
绊按9,47240
绊按7,13710
绊按8,26060
绊按2,25130
绊按3,34960
绊按8,26320
绊按1,41430
绊按2,48880
绊按5,6420
绊按8,6560
绊按6,48470
绊按4,16490
绊按3,37610
绊按6,25250
绊按4,23300
绊按7,21120
绊按1,22310
绊按9,17330
绊按1,29330
绊按6,29550
绊按5,38600
绊按9,13260
绊按5,44610
绊按9,31590
绊按1,7920
绊按10,18660
绊按3,30810
绊按5,37780
绊按6,13370
绊按7,12690
绊按6,23350
绊按8,43440
绊按10,39860
绊按8,19100
绊按1,36460
绊按1,12240
绊按7,10760
绊按5,28550
绊按6,22620
绊按4,19350
绊按8,48220
绊按9,24050
绊按2,6520
绊按2,45090
绊按7,22630
绊按1,37100
绊按1,18370
绊按7,35790
绊按4,13570
绊按2,12510
绊按5,46050
绊按10,8540
绊按6,19250
绊按9,8910
绊按2,33990
绊按2,31780
绊按3,28460
绊按3,6980
绊按6,20540
绊按10,46980
绊按2,44850
绊按6,18380
绊按9,22220
绊按5,8860
绊按3,43680
绊按6,28200
绊按7,12790
绊按9,6840
绊按5,26440
绊按10,36990
绊按5,33470
绊按3,39110
绊按8,16350
绊按7,27920
绊按3,10730
绊按4,29230
绊按10,47200
绊按2,15850
绊按8,43660
绊按1,14120
绊按6,27850
绊按9,42040
绊按9,18920
绊按10,5680
绊按4,22550
绊按8,42520
绊按6,15680
绊按2,5670
绊按6,24210
绊按1,8830
绊按10,24170
绊按8,18660
绊按1,49900
绊按4,19150
绊按8,22660
绊按5,18980
绊按10,43170
绊按2,45400
绊按8,33730
绊按7,44780
绊按6,10360
绊按10,48720
绊按6,15210
绊按6,34210
绊按10,14560
绊按5,41410
绊按8,44210
绊按3,33170
绊按4,47350
绊按7,47270
绊按2,8400
绊按8,49720
绊按9,11420
绊按9,10640
绊按3,47070
绊按7,26370
绊按4,42200
绊按8,41440
绊按7,43940
绊按10,43940
绊按5,26120
绊按10,18230
绊按9,10840
绊按5,12270
绊按6,6510
绊按3,13860
绊按5,10680
绊按6,8160
绊按3,45360
绊按6,11480
绊按3,39830
绊按2,45510
绊按7,33260
绊按7,11000
绊按4,22070
绊按5,16750
绊按6,20190
绊按4,31890
绊按5,21640
绊按7,19880
绊按2,35530
绊按8,10890
绊按5,14380
绊按8,31590
绊按8,23900
绊按10,39300
绊按10,49050
绊按4,45980
绊按4,32980
绊按8,33390
绊按3,28930
绊按1,39460
绊按3,43440
绊按5,38900
绊按5,47500
绊按6,24860
绊按7,44930
绊按8,32930
绊按6,11070
绊按2,26280
绊按10,14580
绊按10,19770
绊按5,35320
绊按7,21490
绊按3,22770
绊按3,26980
绊按3,24060
绊按6,17550
绊按4,11740
绊按7,35370
绊按10,37210
绊按8,10730
绊按6,25610
绊按7,17660
绊按6,19960
绊按3,48350
绊按10,5130
绊按9,9320
绊按2,11960
绊按1,40800
绊按3,7330
绊按1,26730
绊按4,35210
绊按4,10880
绊按6,22230
绊按8,8820
绊按5,46810
绊按3,20730
绊按5,23340
绊按10,22750
绊按9,5950
绊按10,10060
绊按6,44770
绊按10,38250
绊按7,28500
绊按2,26060
绊按7,19540
绊按9,6370
绊按1,25920
绊按4,24480
绊按8,45900
绊按7,33180
绊按2,6390
绊按5,29040
绊按2,48920
绊按4,27370
绊按5,11500
绊按3,13800
绊按4,48160
绊按5,43570
绊按4,27570
绊按10,34170
绊按8,39410
绊按3,19100
绊按5,39810
绊按2,36550
绊按6,6900
绊按7,20720
绊按9,18980
绊按3,21230
绊按7,38700
绊按9,36240
绊按3,22690
绊按5,7480
绊按10,12620
绊按1,14170
绊按8,29360
绊按9,44030
绊按7,33180
绊按4,46410
绊按1,5760
绊按9,40740
绊按10,12100
绊按3,32070
绊按5,26180
绊按9,45590
绊按8,10900
绊按2,18630
绊按9,19130
绊按7,13490
绊按5,7070
绊按10,25280
绊按10,26610
绊按4,10780
绊按6,12210
绊按4,29930
绊按4,41520
绊按10,17550
绊按3,27010
绊按6,23390
绊按5,8470
绊按4,38840
绊按1,45060
绊按1,44100
绊按5,9360
绊按3,16830
绊按7,43990
绊按10,17130
绊按9,9730
绊按1,13850
绊按5,30310
绊按8,30190
绊按2,5400
绊按5,45940
绊按4,34640
绊按10,34430
绊按8,43070
绊按6,42660
绊按7,13980
绊按10,15920
绊按7,40540
绊按9,26970
绊按3,7130
绊按10,37360
绊按4,42620
绊按8,13450
绊按7,47620
绊按6,18080
绊按6,39920
绊按4,37460
绊按3,33710
绊按1,27560
绊按10,48520
绊按7,5040
绊按8,25060
绊按4,12920
绊按8,41280
绊按1,10110
绊按1,8330
绊按6,40470
绊按7,5170
绊按1,29420
绊按9,35790
绊按7,9560
绊按8,30370
绊按7,15890
绊按1,8440
绊按5,5590
绊按10,28060
绊按3,34690
绊按3,8650
绊按9,39720
绊按3,25660
绊按8,25610
绊按10,29900
绊按9,8860
绊按4,20690
绊按4,22790
绊按3,31200
绊按4,10970
绊按5,21070
绊按3,41980
绊按2,25870
绊按9,14550
绊按1,45160
绊按8,10000
绊按3,37490
绊按7,12000
绊按10,49490
绊按4,47630
绊按6,35370
绊按2,41710
绊按4,11840
绊按8,19280
绊按6,19060
绊按5,22190
绊按4,13260
绊按9,6910
绊按9,26980
绊按6,29270
绊按9,5590
绊按4,37330
绊按1,6520
绊按2,19640
绊按10,16580
绊按3,36740
绊按4,26560
绊按8,11690
绊按3,30880
绊按8,20230
绊按7,43290
绊按3,15700
绊按7,35160
绊按2,47950
绊按4,22220
绊按4,6340
绊按8,43570
绊按1,42990
绊按5,32700
绊按3,15990
绊按4,8240
绊按6,5110
绊按8,19690
绊按9,22340
绊按2,28900
绊按10,5900
绊按4,28980
绊按9,48640
绊按8,49250
绊按6,41050
绊按4,38130
绊按7,11740
绊按7,42720
绊按2,46680
绊按1,20130
绊按7,28610
绊按6,14090
绊按10,12660
绊按7,49210
绊按8,43210
绊按3,11940
绊按10,9460
绊按4,12280
绊按8,29550
绊按9,22350
绊按7,26060
绊按9,20130
绊按1,17860
绊按5,20260
绊按7,41740
绊按8,25970
绊按2,17430
绊按2,35500
绊按5,31000
绊按5,6110
绊按4,19200
绊按7,14860
绊按6,8650
绊按10,40950
绊按2,35260
绊按5,5150
绊按3,35200
绊按5,23870
绊按4,5570
绊按5,23750
绊按2,21600
绊按10,12640
绊按8,20660
绊按3,10850
绊按4,48240
绊按5,28070
绊按6,27380
绊按1,32580
绊按7,32350
绊按1,28000
绊按7,23550
绊按5,10330
绊按5,31090
绊按1,14440
绊按9,20690
绊按10,38330
绊按2,16750
绊按4,35500
绊按7,21240
绊按5,34190
绊按8,11830
绊按1,12230
绊按5,15320
绊按1,5840
绊按3,35260
绊按5,42970
绊按9,32780
绊按4,13340
绊按8,7510
绊按4,26070
绊按7,28670
绊按8,6970
绊按2,5160
绊按3,45840
绊按6,6300
绊按6,36180
绊按5,43800
绊按4,13370
绊按3,47890
绊按7,8100
绊按3,38150
绊按4,22490
绊按1,45380
绊按2,34650
绊按3,49390
绊按6,12450
绊按4,14580
绊按2,16480
绊按6,40850
绊按2,16030
绊按3,33840
绊按3,49720
绊按1,9600
绊按2,22290
绊按6,5150
绊按4,27070
绊按10,23990
绊按3,11400
绊按2,34200
绊按6,7350
绊按7,32560
绊按3,23450
绊按7,16110
绊按5,28120
绊按6,5210
绊按4,36260
绊按8,19920
绊按3,48200
绊按3,47580
绊按3,22570
绊按2,6950
绊按6,35600
绊按10,8230
绊按9,37170
绊按5,27670
绊按10,7580
绊按5,20850
绊按3,10990
绊按5,46770
绊按2,31330
绊按4,5000
绊按4,22910
绊按1,25240
绊按4,30960
绊按3,33640
绊按1,8910
绊按7,16650
绊按9,17510
绊按6,32540
绊按7,5690
绊按8,35040
绊按9,30750
绊按3,38530
绊按7,42850
绊按6,48170
绊按7,48020
绊按1,7680
绊按1,38760
绊按4,10940
绊按8,16550
绊按2,26590
绊按9,12170
绊按1,24270
绊按1,13420
绊按1,26320
绊按5,13040
绊按6,23810
绊按6,27390
绊按8,44700
绊按7,40420
绊按3,38320
绊按4,49010
绊按9,46440
绊按2,9980
绊按6,16500
绊按4,48280
绊按5,6510
绊按5,22940
绊按4,10640
绊按10,18090
绊按2,31720
绊按9,24520
绊按4,45390
绊按6,17830
绊按10,20730
绊按8,12980
绊按4,29600
绊按5,18590
绊按8,39420
绊按4,23810
绊按7,25300
绊按2,17620
绊按5,35480
绊按10,14120
绊按9,8750
绊按9,24460
绊按6,26580
绊按1,46400
绊按8,16650
绊按2,17240
绊按2,49540
绊按5,18540
绊按9,11790
绊按5,47910
绊按5,49070
绊按10,11410
绊按4,22920
绊按2,18060
绊按1,14070
绊按5,19370
绊按6,31340
绊按1,5180
绊按2,7470
绊按5,37000
绊按6,26900
绊按2,10370
绊按3,10060
绊按4,13470
绊按4,41990
绊按9,17350
绊按10,33240
绊按4,47200
绊按7,6200
绊按2,38250
绊按2,19660
绊按4,15210
绊按9,36500
绊按8,26790
绊按4,31500
绊按5,8920
绊按6,29400
绊按8,48180
绊按2,45400
绊按2,21660
绊按1,45160
绊按10,45970
绊按10,22940
绊按2,44330
绊按8,41270
绊按3,7520
绊按2,7210
绊按5,37760
绊按10,11610
